person_group,group_size,avg_score,min_score,max_score,num_links_found,num_links_possible,link_density
Person 903,2,10.14,10.14,10.14,1,1.0,1.0
Person 1023,2,10.25,10.25,10.25,1,1.0,1.0
Person 1022,2,10.5,10.5,10.5,1,1.0,1.0
Person 1045,2,10.5,10.5,10.5,1,1.0,1.0
Person 1097,2,10.5,10.5,10.5,1,1.0,1.0
Person 980,2,10.5,10.5,10.5,1,1.0,1.0
Person 873,2,10.57,10.57,10.57,1,1.0,1.0
Person 562,3,10.67,8.25,12.75,3,3.0,1.0
Person 969,2,10.9,10.9,10.9,1,1.0,1.0
Person 1006,2,11.0,11.0,11.0,1,1.0,1.0
Person 1115,2,11.0,11.0,11.0,1,1.0,1.0
Person 730,3,11.0,8.75,13.75,3,3.0,1.0
Person 591,3,11.1,8.99,13.74,3,3.0,1.0
Person 888,2,11.25,11.25,11.25,1,1.0,1.0
Person 904,2,11.25,11.25,11.25,1,1.0,1.0
Person 933,2,11.25,11.25,11.25,1,1.0,1.0
Person 594,3,11.25,8.99,14.27,3,3.0,1.0
Person 420,4,11.27,8.19,13.3,6,6.0,1.0
Person 772,3,11.33,9.25,12.75,3,3.0,1.0
Person 737,3,11.42,9.38,14.0,3,3.0,1.0
Person 224,5,11.45,7.93,14.45,10,10.0,1.0
Person 1047,2,11.5,11.5,11.5,1,1.0,1.0
Person 617,3,11.5,9.5,14.5,3,3.0,1.0
Person 707,3,11.5,9.5,13.0,3,3.0,1.0
Person 731,3,11.51,10.79,12.95,3,3.0,1.0
Person 947,2,11.53,11.53,11.53,1,1.0,1.0
Person 492,4,11.56,9.25,13.74,6,6.0,1.0
Person 77,6,11.57,9.0,14.45,15,15.0,1.0
Person 575,3,11.58,11.36,11.75,3,3.0,1.0
Person 431,4,11.61,8.71,14.15,6,6.0,1.0
Person 666,3,11.61,10.34,14.15,3,3.0,1.0
Person 413,4,11.62,8.75,14.0,6,6.0,1.0
Person 808,2,11.63,11.63,11.63,1,1.0,1.0
Person 564,3,11.67,10.5,12.25,3,3.0,1.0
Person 491,4,11.75,9.5,14.0,6,6.0,1.0
Person 406,4,11.79,8.75,14.5,6,6.0,1.0
Person 428,4,11.81,10.0,16.87,6,6.0,1.0
Person 791,3,11.83,10.0,13.5,3,3.0,1.0
Person 529,4,11.87,9.38,14.15,6,6.0,1.0
Person 61,6,11.89,8.87,16.87,15,15.0,1.0
Person 813,2,11.91,11.91,11.91,1,1.0,1.0
Person 892,2,11.91,11.91,11.91,1,1.0,1.0
Person 993,2,11.91,11.91,11.91,1,1.0,1.0
Person 611,3,11.93,10.04,13.74,3,3.0,1.0
Person 439,4,11.93,8.71,15.19,6,6.0,1.0
Person 435,4,11.94,9.78,14.0,6,6.0,1.0
Person 1032,2,12.0,12.0,12.0,1,1.0,1.0
Person 1043,2,12.0,12.0,12.0,1,1.0,1.0
Person 1109,2,12.0,12.0,12.0,1,1.0,1.0
Person 1119,2,12.0,12.0,12.0,1,1.0,1.0
Person 576,3,12.0,10.25,15.25,3,3.0,1.0
Person 875,2,12.0,12.0,12.0,1,1.0,1.0
Person 912,2,12.0,12.0,12.0,1,1.0,1.0
Person 924,2,12.0,12.0,12.0,1,1.0,1.0
Person 944,2,12.0,12.0,12.0,1,1.0,1.0
Person 958,2,12.0,12.0,12.0,1,1.0,1.0
Person 963,2,12.0,12.0,12.0,1,1.0,1.0
Person 990,2,12.0,12.0,12.0,1,1.0,1.0
Person 288,5,12.1,9.38,16.84,10,10.0,1.0
Person 339,4,12.14,8.36,16.84,6,6.0,1.0
Person 918,2,12.16,12.16,12.16,1,1.0,1.0
Person 559,3,12.17,10.5,14.0,3,3.0,1.0
Person 596,3,12.17,10.5,14.0,3,3.0,1.0
Person 698,3,12.17,10.5,14.0,3,3.0,1.0
Person 402,4,12.2,8.99,16.87,6,6.0,1.0
Person 169,5,12.24,7.75,16.87,10,10.0,1.0
Person 1075,2,12.25,12.25,12.25,1,1.0,1.0
Person 881,2,12.25,12.25,12.25,1,1.0,1.0
Person 398,4,12.26,9.25,15.21,6,6.0,1.0
Person 265,5,12.3,8.36,16.87,10,10.0,1.0
Person 372,4,12.31,9.38,15.21,6,6.0,1.0
Person 603,3,12.33,11.25,13.0,3,3.0,1.0
Person 726,3,12.33,11.25,13.0,3,3.0,1.0
Person 211,5,12.37,9.5,16.87,9,10.0,0.9
Person 516,4,12.37,10.35,14.49,6,6.0,1.0
Person 7,6,12.37,10.75,16.87,15,15.0,1.0
Person 343,4,12.38,10.25,14.5,6,6.0,1.0
Person 404,4,12.42,10.39,14.45,6,6.0,1.0
Person 523,4,12.46,10.5,14.45,6,6.0,1.0
Person 664,3,12.5,11.0,14.5,3,3.0,1.0
Person 733,3,12.5,11.0,14.5,3,3.0,1.0
Person 860,2,12.5,12.5,12.5,1,1.0,1.0
Person 874,2,12.53,12.53,12.53,1,1.0,1.0
Person 234,5,12.54,8.75,16.87,10,10.0,1.0
Person 70,6,12.57,10.25,14.5,15,15.0,1.0
Person 764,3,12.58,10.39,16.84,3,3.0,1.0
Person 582,3,12.62,10.5,16.87,3,3.0,1.0
Person 641,3,12.62,10.5,16.87,3,3.0,1.0
Person 1004,2,12.64,12.64,12.64,1,1.0,1.0
Person 472,4,12.65,9.38,16.84,6,6.0,1.0
Person 136,6,12.65,9.92,16.77,15,15.0,1.0
Person 776,3,12.67,10.57,16.87,3,3.0,1.0
Person 55,6,12.68,9.38,16.84,15,15.0,1.0
Person 178,5,12.71,7.5,16.87,10,10.0,1.0
Person 56,6,12.72,10.25,16.87,15,15.0,1.0
Person 369,4,12.73,9.5,16.87,6,6.0,1.0
Person 247,5,12.73,10.9,16.87,10,10.0,1.0
Person 515,4,12.74,10.19,15.28,6,6.0,1.0
Person 1117,2,12.75,12.75,12.75,1,1.0,1.0
Person 639,3,12.75,11.25,14.5,3,3.0,1.0
Person 997,2,12.75,12.75,12.75,1,1.0,1.0
Person 383,4,12.81,12.0,16.87,6,6.0,1.0
Person 12,6,12.83,10.75,16.87,15,15.0,1.0
Person 608,3,12.83,11.5,13.5,3,3.0,1.0
Person 395,4,12.84,9.5,18.5,6,6.0,1.0
Person 278,5,12.85,10.24,14.54,10,10.0,1.0
Person 471,4,12.86,9.25,16.44,6,6.0,1.0
Person 463,4,12.88,11.25,14.0,6,6.0,1.0
Person 458,4,12.9,9.65,15.28,6,6.0,1.0
Person 481,4,12.9,9.88,16.84,6,6.0,1.0
Person 195,5,12.91,7.75,16.87,10,10.0,1.0
Person 79,6,12.92,9.5,16.87,15,15.0,1.0
Person 302,5,12.93,10.25,16.87,10,10.0,1.0
Person 266,5,12.93,11.5,16.84,10,10.0,1.0
Person 274,5,12.93,8.36,16.84,10,10.0,1.0
Person 232,5,12.94,9.5,16.87,10,10.0,1.0
Person 166,5,12.95,10.28,15.42,10,10.0,1.0
Person 848,2,12.95,12.95,12.95,1,1.0,1.0
Person 418,4,12.97,10.04,16.77,6,6.0,1.0
Person 310,5,12.97,10.9,14.5,10,10.0,1.0
Person 226,5,12.98,10.39,16.87,10,10.0,1.0
Person 356,4,12.98,10.0,16.87,6,6.0,1.0
Person 363,4,12.98,10.0,16.87,6,6.0,1.0
Person 1014,2,13.0,13.0,13.0,1,1.0,1.0
Person 1016,2,13.0,13.0,13.0,1,1.0,1.0
Person 1034,2,13.0,13.0,13.0,1,1.0,1.0
Person 1142,2,13.0,13.0,13.0,1,1.0,1.0
Person 799,2,13.0,13.0,13.0,1,1.0,1.0
Person 976,2,13.0,13.0,13.0,1,1.0,1.0
Person 17,6,13.03,8.62,16.84,15,15.0,1.0
Person 262,5,13.05,10.04,16.84,10,10.0,1.0
Person 360,4,13.06,11.15,16.87,6,6.0,1.0
Person 313,5,13.06,9.88,16.84,10,10.0,1.0
Person 100,6,13.09,10.5,16.87,15,15.0,1.0
Person 183,5,13.09,10.22,16.84,10,10.0,1.0
Person 69,6,13.1,10.5,16.84,15,15.0,1.0
Person 724,3,13.1,12.22,14.54,3,3.0,1.0
Person 254,5,13.13,10.39,16.87,10,10.0,1.0
Person 474,4,13.14,11.4,15.21,6,6.0,1.0
Person 337,4,13.16,10.39,16.84,6,6.0,1.0
Person 392,4,13.16,10.39,16.84,6,6.0,1.0
Person 507,4,13.16,10.39,16.84,6,6.0,1.0
Person 570,3,13.17,12.0,14.0,3,3.0,1.0
Person 143,6,13.18,9.88,15.21,15,15.0,1.0
Person 325,5,13.19,11.25,16.87,10,10.0,1.0
Person 31,6,13.19,11.89,14.45,15,15.0,1.0
Person 155,6,13.19,9.5,16.87,15,15.0,1.0
Person 164,5,13.2,11.5,14.5,10,10.0,1.0
Person 477,4,13.21,12.0,14.5,6,6.0,1.0
Person 405,4,13.22,10.9,15.28,6,6.0,1.0
Person 371,4,13.23,10.5,16.87,6,6.0,1.0
Person 422,4,13.23,10.5,16.87,6,6.0,1.0
Person 185,5,13.24,10.5,16.87,10,10.0,1.0
Person 551,3,13.24,12.86,14.0,3,3.0,1.0
Person 291,5,13.24,11.72,16.44,10,10.0,1.0
Person 625,3,13.25,11.36,16.77,3,3.0,1.0
Person 374,4,13.26,12.0,14.0,6,6.0,1.0
Person 119,6,13.26,11.41,16.87,15,15.0,1.0
Person 104,6,13.26,10.14,16.77,15,15.0,1.0
Person 67,6,13.29,10.04,16.84,15,15.0,1.0
Person 610,3,13.3,11.53,16.84,3,3.0,1.0
Person 51,6,13.32,8.33,16.87,15,15.0,1.0
Person 121,6,13.33,10.04,16.77,15,15.0,1.0
Person 554,3,13.33,12.25,14.0,3,3.0,1.0
Person 739,3,13.33,11.5,14.5,3,3.0,1.0
Person 789,3,13.33,13.0,14.0,3,3.0,1.0
Person 237,5,13.35,11.4,16.77,10,10.0,1.0
Person 213,5,13.36,12.0,14.5,10,10.0,1.0
Person 187,5,13.37,11.4,16.84,10,10.0,1.0
Person 348,4,13.38,12.5,14.25,6,6.0,1.0
Person 496,4,13.38,12.25,14.0,6,6.0,1.0
Person 673,3,13.38,11.43,16.71,3,3.0,1.0
Person 728,3,13.38,11.43,16.71,3,3.0,1.0
Person 584,3,13.39,11.66,16.84,3,3.0,1.0
Person 53,6,13.39,9.92,15.28,15,15.0,1.0
Person 1002,2,13.4,13.4,13.4,1,1.0,1.0
Person 1005,2,13.4,13.4,13.4,1,1.0,1.0
Person 194,5,13.4,12.25,14.5,10,10.0,1.0
Person 96,6,13.41,10.9,16.87,14,15.0,0.93
Person 197,5,13.41,9.25,16.87,10,10.0,1.0
Person 144,6,13.41,10.39,16.87,15,15.0,1.0
Person 107,6,13.42,8.75,16.87,13,15.0,0.87
Person 133,6,13.42,9.5,16.84,15,15.0,1.0
Person 682,3,13.45,12.92,14.5,3,3.0,1.0
Person 11,6,13.46,10.75,16.87,15,15.0,1.0
Person 568,3,13.46,11.63,16.77,3,3.0,1.0
Person 153,6,13.47,10.25,16.87,15,15.0,1.0
Person 332,4,13.48,11.0,16.87,6,6.0,1.0
Person 408,4,13.48,11.0,16.87,6,6.0,1.0
Person 527,4,13.48,11.0,16.87,6,6.0,1.0
Person 806,2,13.48,13.48,13.48,1,1.0,1.0
Person 358,4,13.48,11.41,16.87,6,6.0,1.0
Person 129,6,13.49,10.5,16.87,15,15.0,1.0
Person 1056,2,13.5,13.5,13.5,1,1.0,1.0
Person 1068,2,13.5,13.5,13.5,1,1.0,1.0
Person 609,3,13.5,12.5,14.0,3,3.0,1.0
Person 819,2,13.5,13.5,13.5,1,1.0,1.0
Person 52,6,13.5,10.46,16.77,15,15.0,1.0
Person 4,6,13.51,8.04,16.87,15,15.0,1.0
Person 681,3,13.51,12.86,14.74,3,3.0,1.0
Person 184,5,13.53,11.7,16.71,10,10.0,1.0
Person 64,6,13.53,12.25,16.87,15,15.0,1.0
Person 305,5,13.53,11.4,16.87,10,10.0,1.0
Person 260,5,13.54,11.75,16.87,10,10.0,1.0
Person 607,3,13.54,11.75,16.87,3,3.0,1.0
Person 243,5,13.54,10.14,16.87,10,10.0,1.0
Person 634,3,13.56,11.91,16.84,3,3.0,1.0
Person 758,3,13.56,11.91,16.84,3,3.0,1.0
Person 773,3,13.56,11.91,16.84,3,3.0,1.0
Person 336,4,13.56,11.0,16.41,6,6.0,1.0
Person 868,2,13.57,13.57,13.57,1,1.0,1.0
Person 177,5,13.57,10.5,18.5,9,10.0,0.9
Person 785,3,13.57,12.67,15.21,3,3.0,1.0
Person 419,4,13.58,11.6,16.87,6,6.0,1.0
Person 599,3,13.58,11.91,16.84,3,3.0,1.0
Person 685,3,13.58,11.91,16.84,3,3.0,1.0
Person 309,5,13.6,12.75,15.25,10,10.0,1.0
Person 1127,2,13.6,13.6,13.6,1,1.0,1.0
Person 931,2,13.6,13.6,13.6,1,1.0,1.0
Person 565,3,13.62,12.0,16.87,3,3.0,1.0
Person 566,3,13.62,12.0,16.87,3,3.0,1.0
Person 588,3,13.62,12.0,16.87,3,3.0,1.0
Person 592,3,13.62,12.0,16.87,3,3.0,1.0
Person 650,3,13.62,12.0,16.87,3,3.0,1.0
Person 658,3,13.62,12.0,16.87,3,3.0,1.0
Person 663,3,13.62,12.0,16.87,3,3.0,1.0
Person 732,3,13.62,12.0,16.87,3,3.0,1.0
Person 738,3,13.62,12.0,16.87,3,3.0,1.0
Person 752,3,13.62,12.0,16.87,3,3.0,1.0
Person 763,3,13.62,12.0,16.87,3,3.0,1.0
Person 316,5,13.62,9.25,18.5,10,10.0,1.0
Person 214,5,13.63,9.88,16.87,10,10.0,1.0
Person 476,4,13.63,12.6,15.28,6,6.0,1.0
Person 322,5,13.63,10.22,16.87,10,10.0,1.0
Person 581,3,13.64,11.89,16.77,3,3.0,1.0
Person 628,3,13.64,12.69,14.5,3,3.0,1.0
Person 352,4,13.64,11.5,16.87,6,6.0,1.0
Person 188,5,13.65,12.5,15.25,10,10.0,1.0
Person 331,4,13.66,11.4,16.84,6,6.0,1.0
Person 423,4,13.66,11.4,16.84,6,6.0,1.0
Person 643,3,13.67,12.75,14.5,3,3.0,1.0
Person 678,3,13.67,12.75,14.25,3,3.0,1.0
Person 727,3,13.67,12.75,14.25,3,3.0,1.0
Person 125,6,13.67,10.0,16.87,15,15.0,1.0
Person 57,6,13.67,12.0,16.87,15,15.0,1.0
Person 47,6,13.68,10.98,15.03,15,15.0,1.0
Person 417,4,13.68,10.5,16.87,6,6.0,1.0
Person 796,2,13.68,13.68,13.68,1,1.0,1.0
Person 455,4,13.69,11.4,16.87,6,6.0,1.0
Person 23,6,13.71,10.25,16.87,15,15.0,1.0
Person 25,6,13.71,9.56,16.44,15,15.0,1.0
Person 216,5,13.71,12.25,16.87,10,10.0,1.0
Person 635,3,13.72,11.72,16.44,3,3.0,1.0
Person 540,4,13.73,11.5,16.87,6,6.0,1.0
Person 49,6,13.73,11.6,14.74,15,15.0,1.0
Person 32,6,13.74,10.39,16.87,15,15.0,1.0
Person 167,5,13.74,12.0,16.87,10,10.0,1.0
Person 1080,2,13.74,13.74,13.74,1,1.0,1.0
Person 1089,2,13.74,13.74,13.74,1,1.0,1.0
Person 1100,2,13.74,13.74,13.74,1,1.0,1.0
Person 866,2,13.74,13.74,13.74,1,1.0,1.0
Person 901,2,13.74,13.74,13.74,1,1.0,1.0
Person 1012,2,13.75,13.75,13.75,1,1.0,1.0
Person 1030,2,13.75,13.75,13.75,1,1.0,1.0
Person 1082,2,13.75,13.75,13.75,1,1.0,1.0
Person 1105,2,13.75,13.75,13.75,1,1.0,1.0
Person 1145,2,13.75,13.75,13.75,1,1.0,1.0
Person 1160,2,13.75,13.75,13.75,1,1.0,1.0
Person 479,4,13.75,13.0,14.5,6,6.0,1.0
Person 803,2,13.75,13.75,13.75,1,1.0,1.0
Person 865,2,13.75,13.75,13.75,1,1.0,1.0
Person 887,2,13.75,13.75,13.75,1,1.0,1.0
Person 898,2,13.75,13.75,13.75,1,1.0,1.0
Person 970,2,13.75,13.75,13.75,1,1.0,1.0
Person 991,2,13.75,13.75,13.75,1,1.0,1.0
Person 45,6,13.76,8.62,16.87,15,15.0,1.0
Person 3,6,13.77,10.5,16.87,15,15.0,1.0
Person 117,6,13.78,11.4,16.87,15,15.0,1.0
Person 282,5,13.79,12.0,16.87,10,10.0,1.0
Person 736,3,13.79,12.92,14.5,3,3.0,1.0
Person 686,3,13.79,13.68,13.94,3,3.0,1.0
Person 465,4,13.79,12.75,14.5,6,6.0,1.0
Person 88,6,13.8,11.0,16.87,15,15.0,1.0
Person 270,5,13.8,12.25,16.87,10,10.0,1.0
Person 98,6,13.81,9.25,16.87,15,15.0,1.0
Person 24,6,13.82,12.0,16.87,15,15.0,1.0
Person 318,5,13.82,11.0,16.87,10,10.0,1.0
Person 91,6,13.82,12.0,16.87,15,15.0,1.0
Person 293,5,13.83,10.5,16.87,10,10.0,1.0
Person 614,3,13.83,13.0,14.5,3,3.0,1.0
Person 629,3,13.83,13.0,14.5,3,3.0,1.0
Person 633,3,13.83,13.75,14.0,3,3.0,1.0
Person 636,3,13.83,13.0,14.5,3,3.0,1.0
Person 646,3,13.83,13.0,14.5,3,3.0,1.0
Person 690,3,13.83,13.0,14.5,3,3.0,1.0
Person 771,3,13.83,13.75,14.0,3,3.0,1.0
Person 484,4,13.85,11.75,16.87,6,6.0,1.0
Person 279,5,13.86,12.25,16.87,10,10.0,1.0
Person 94,6,13.87,12.51,16.87,15,15.0,1.0
Person 598,3,13.87,13.21,15.19,3,3.0,1.0
Person 513,4,13.87,11.34,16.87,6,6.0,1.0
Person 80,6,13.88,12.43,16.71,15,15.0,1.0
Person 240,5,13.9,10.5,16.77,10,10.0,1.0
Person 723,3,13.91,13.21,14.98,3,3.0,1.0
Person 268,5,13.91,11.1,16.87,10,10.0,1.0
Person 563,3,13.91,12.64,16.44,3,3.0,1.0
Person 209,5,13.91,10.5,16.87,10,10.0,1.0
Person 242,5,13.91,10.5,16.87,10,10.0,1.0
Person 586,3,13.92,13.21,15.06,3,3.0,1.0
Person 757,3,13.92,13.21,15.06,3,3.0,1.0
Person 75,6,13.92,12.25,16.87,15,15.0,1.0
Person 362,4,13.93,11.89,16.84,6,6.0,1.0
Person 271,5,13.94,12.25,16.87,10,10.0,1.0
Person 1031,2,13.94,13.94,13.94,1,1.0,1.0
Person 1085,2,13.94,13.94,13.94,1,1.0,1.0
Person 809,2,13.94,13.94,13.94,1,1.0,1.0
Person 816,2,13.94,13.94,13.94,1,1.0,1.0
Person 822,2,13.94,13.94,13.94,1,1.0,1.0
Person 830,2,13.94,13.94,13.94,1,1.0,1.0
Person 534,4,13.94,11.72,16.44,6,6.0,1.0
Person 652,3,13.96,12.5,16.87,3,3.0,1.0
Person 743,3,13.96,12.5,16.87,3,3.0,1.0
Person 616,3,13.97,12.51,16.87,3,3.0,1.0
Person 716,3,13.97,13.33,14.96,3,3.0,1.0
Person 782,3,13.97,13.88,14.15,3,3.0,1.0
Person 165,5,13.97,12.69,16.87,10,10.0,1.0
Person 487,4,13.98,12.0,16.87,6,6.0,1.0
Person 112,6,13.99,11.15,16.87,15,15.0,1.0
Person 489,4,13.99,12.0,16.84,6,6.0,1.0
Person 500,4,13.99,12.64,16.44,6,6.0,1.0
Person 140,6,14.0,13.18,14.5,15,15.0,1.0
Person 1003,2,14.0,14.0,14.0,1,1.0,1.0
Person 1013,2,14.0,14.0,14.0,1,1.0,1.0
Person 1026,2,14.0,14.0,14.0,1,1.0,1.0
Person 1029,2,14.0,14.0,14.0,1,1.0,1.0
Person 1061,2,14.0,14.0,14.0,1,1.0,1.0
Person 1062,2,14.0,14.0,14.0,1,1.0,1.0
Person 1063,2,14.0,14.0,14.0,1,1.0,1.0
Person 1070,2,14.0,14.0,14.0,1,1.0,1.0
Person 1106,2,14.0,14.0,14.0,1,1.0,1.0
Person 1136,2,14.0,14.0,14.0,1,1.0,1.0
Person 1146,2,14.0,14.0,14.0,1,1.0,1.0
Person 1153,2,14.0,14.0,14.0,1,1.0,1.0
Person 725,3,14.0,14.0,14.0,3,3.0,1.0
Person 801,2,14.0,14.0,14.0,1,1.0,1.0
Person 812,2,14.0,14.0,14.0,1,1.0,1.0
Person 821,2,14.0,14.0,14.0,1,1.0,1.0
Person 867,2,14.0,14.0,14.0,1,1.0,1.0
Person 889,2,14.0,14.0,14.0,1,1.0,1.0
Person 902,2,14.0,14.0,14.0,1,1.0,1.0
Person 906,2,14.0,14.0,14.0,1,1.0,1.0
Person 910,2,14.0,14.0,14.0,1,1.0,1.0
Person 913,2,14.0,14.0,14.0,1,1.0,1.0
Person 921,2,14.0,14.0,14.0,1,1.0,1.0
Person 928,2,14.0,14.0,14.0,1,1.0,1.0
Person 936,2,14.0,14.0,14.0,1,1.0,1.0
Person 948,2,14.0,14.0,14.0,1,1.0,1.0
Person 964,2,14.0,14.0,14.0,1,1.0,1.0
Person 972,2,14.0,14.0,14.0,1,1.0,1.0
Person 572,3,14.02,11.94,15.2,3,3.0,1.0
Person 863,2,14.02,14.02,14.02,1,1.0,1.0
Person 146,6,14.04,12.75,16.87,15,15.0,1.0
Person 506,4,14.04,10.48,16.87,6,6.0,1.0
Person 73,6,14.05,9.5,16.87,15,15.0,1.0
Person 469,4,14.05,10.53,18.5,6,6.0,1.0
Person 102,6,14.05,11.15,16.84,15,15.0,1.0
Person 230,5,14.08,11.0,16.87,10,10.0,1.0
Person 218,5,14.09,12.5,16.87,10,10.0,1.0
Person 74,6,14.1,12.16,16.87,15,15.0,1.0
Person 206,5,14.11,11.0,16.87,10,10.0,1.0
Person 767,3,14.11,12.95,16.44,3,3.0,1.0
Person 105,6,14.12,12.6,16.77,15,15.0,1.0
Person 340,4,14.12,13.0,15.25,6,6.0,1.0
Person 13,6,14.13,11.72,16.77,15,15.0,1.0
Person 367,4,14.13,12.85,15.42,6,6.0,1.0
Person 217,5,14.14,12.0,16.87,10,10.0,1.0
Person 135,6,14.14,11.4,16.87,15,15.0,1.0
Person 256,5,14.14,9.78,16.87,10,10.0,1.0
Person 1139,2,14.15,14.15,14.15,1,1.0,1.0
Person 854,2,14.15,14.15,14.15,1,1.0,1.0
Person 48,6,14.15,12.42,16.84,15,15.0,1.0
Person 790,3,14.16,13.48,15.25,3,3.0,1.0
Person 289,5,14.16,13.0,16.87,10,10.0,1.0
Person 46,6,14.17,11.0,16.87,15,15.0,1.0
Person 379,4,14.17,12.42,16.87,6,6.0,1.0
Person 253,5,14.18,12.25,16.77,10,10.0,1.0
Person 433,4,14.18,11.5,16.87,6,6.0,1.0
Person 304,5,14.19,12.6,16.87,10,10.0,1.0
Person 308,5,14.19,12.75,16.87,10,10.0,1.0
Person 680,3,14.21,12.85,16.84,3,3.0,1.0
Person 754,3,14.21,12.75,16.87,3,3.0,1.0
Person 862,2,14.21,14.21,14.21,1,1.0,1.0
Person 630,3,14.21,13.68,15.21,3,3.0,1.0
Person 296,5,14.22,10.25,16.87,10,10.0,1.0
Person 631,3,14.22,12.92,16.84,3,3.0,1.0
Person 415,4,14.23,12.5,16.87,6,6.0,1.0
Person 461,4,14.23,12.5,16.87,6,6.0,1.0
Person 486,4,14.23,12.5,16.87,6,6.0,1.0
Person 87,6,14.23,9.25,16.87,14,15.0,0.93
Person 257,5,14.24,12.75,16.87,10,10.0,1.0
Person 694,3,14.24,12.92,16.87,3,3.0,1.0
Person 10,6,14.24,9.92,18.5,15,15.0,1.0
Person 537,4,14.24,13.21,16.84,6,6.0,1.0
Person 201,5,14.24,10.04,16.87,10,10.0,1.0
Person 400,4,14.25,11.63,16.87,6,6.0,1.0
Person 953,2,14.25,14.25,14.25,1,1.0,1.0
Person 131,6,14.25,11.91,16.87,15,15.0,1.0
Person 709,3,14.26,12.95,16.87,3,3.0,1.0
Person 34,6,14.26,11.75,16.87,15,15.0,1.0
Person 114,6,14.27,12.25,16.87,15,15.0,1.0
Person 1078,2,14.27,14.27,14.27,1,1.0,1.0
Person 971,2,14.27,14.27,14.27,1,1.0,1.0
Person 83,6,14.28,10.5,16.87,15,15.0,1.0
Person 548,3,14.29,13.0,16.87,3,3.0,1.0
Person 667,3,14.29,13.0,16.87,3,3.0,1.0
Person 715,3,14.29,13.0,16.87,3,3.0,1.0
Person 706,3,14.29,13.68,15.25,3,3.0,1.0
Person 220,5,14.29,11.5,16.87,10,10.0,1.0
Person 239,5,14.3,11.91,16.84,10,10.0,1.0
Person 524,4,14.31,12.53,16.87,6,6.0,1.0
Person 92,6,14.31,11.89,16.87,15,15.0,1.0
Person 535,4,14.32,12.86,16.87,6,6.0,1.0
Person 619,3,14.33,14.06,14.54,3,3.0,1.0
Person 561,3,14.33,13.75,15.25,3,3.0,1.0
Person 620,3,14.33,13.75,15.25,3,3.0,1.0
Person 259,5,14.34,13.0,16.87,10,10.0,1.0
Person 19,6,14.34,10.39,18.5,15,15.0,1.0
Person 90,6,14.34,11.41,16.87,15,15.0,1.0
Person 386,4,14.34,11.63,16.87,6,6.0,1.0
Person 327,5,14.34,9.5,16.77,8,10.0,0.8
Person 238,5,14.34,12.0,16.87,10,10.0,1.0
Person 354,4,14.35,12.69,16.87,6,6.0,1.0
Person 269,5,14.35,12.92,16.84,10,10.0,1.0
Person 437,4,14.35,12.75,16.87,6,6.0,1.0
Person 462,4,14.35,12.75,16.87,6,6.0,1.0
Person 229,5,14.36,12.75,16.87,10,10.0,1.0
Person 76,6,14.36,10.57,16.87,15,15.0,1.0
Person 656,3,14.37,13.65,15.52,3,3.0,1.0
Person 351,4,14.38,11.91,16.84,6,6.0,1.0
Person 851,2,14.39,14.39,14.39,1,1.0,1.0
Person 748,3,14.39,14.18,14.49,3,3.0,1.0
Person 451,4,14.39,11.91,16.87,6,6.0,1.0
Person 403,4,14.39,11.91,16.87,6,6.0,1.0
Person 81,6,14.39,9.5,16.87,15,15.0,1.0
Person 175,5,14.39,10.61,18.5,10,10.0,1.0
Person 78,6,14.41,11.0,16.87,15,15.0,1.0
Person 341,4,14.41,11.91,16.87,6,6.0,1.0
Person 530,4,14.41,12.64,16.84,6,6.0,1.0
Person 393,4,14.41,12.75,16.87,6,6.0,1.0
Person 54,6,14.42,10.14,16.87,15,15.0,1.0
Person 501,4,14.42,12.92,16.84,6,6.0,1.0
Person 376,4,14.43,12.0,16.87,6,6.0,1.0
Person 434,4,14.43,12.0,16.87,6,6.0,1.0
Person 470,4,14.44,13.25,16.87,6,6.0,1.0
Person 141,6,14.44,13.5,16.87,15,15.0,1.0
Person 1033,2,14.45,14.45,14.45,1,1.0,1.0
Person 1120,2,14.45,14.45,14.45,1,1.0,1.0
Person 1143,2,14.45,14.45,14.45,1,1.0,1.0
Person 825,2,14.45,14.45,14.45,1,1.0,1.0
Person 926,2,14.45,14.45,14.45,1,1.0,1.0
Person 930,2,14.45,14.45,14.45,1,1.0,1.0
Person 949,2,14.45,14.45,14.45,1,1.0,1.0
Person 139,6,14.45,11.36,16.77,15,15.0,1.0
Person 714,3,14.45,14.08,15.19,3,3.0,1.0
Person 353,4,14.45,13.0,16.84,6,6.0,1.0
Person 442,4,14.45,13.0,16.84,6,6.0,1.0
Person 459,4,14.46,13.0,16.87,6,6.0,1.0
Person 294,5,14.46,13.0,16.87,10,10.0,1.0
Person 651,3,14.46,12.95,16.44,3,3.0,1.0
Person 357,4,14.47,13.67,15.28,6,6.0,1.0
Person 410,4,14.48,13.0,16.87,6,6.0,1.0
Person 447,4,14.48,13.0,16.87,6,6.0,1.0
Person 488,4,14.48,13.0,16.87,6,6.0,1.0
Person 498,4,14.48,13.0,16.87,6,6.0,1.0
Person 202,5,14.48,12.92,16.84,10,10.0,1.0
Person 116,6,14.49,12.92,16.84,15,15.0,1.0
Person 943,2,14.49,14.49,14.49,1,1.0,1.0
Person 236,5,14.5,12.92,16.84,10,10.0,1.0
Person 1018,2,14.5,14.5,14.5,1,1.0,1.0
Person 1028,2,14.5,14.5,14.5,1,1.0,1.0
Person 1035,2,14.5,14.5,14.5,1,1.0,1.0
Person 1051,2,14.5,14.5,14.5,1,1.0,1.0
Person 1052,2,14.5,14.5,14.5,1,1.0,1.0
Person 1067,2,14.5,14.5,14.5,1,1.0,1.0
Person 1113,2,14.5,14.5,14.5,1,1.0,1.0
Person 1114,2,14.5,14.5,14.5,1,1.0,1.0
Person 1122,2,14.5,14.5,14.5,1,1.0,1.0
Person 1125,2,14.5,14.5,14.5,1,1.0,1.0
Person 1128,2,14.5,14.5,14.5,1,1.0,1.0
Person 1130,2,14.5,14.5,14.5,1,1.0,1.0
Person 1133,2,14.5,14.5,14.5,1,1.0,1.0
Person 1134,2,14.5,14.5,14.5,1,1.0,1.0
Person 1144,2,14.5,14.5,14.5,1,1.0,1.0
Person 1150,2,14.5,14.5,14.5,1,1.0,1.0
Person 810,2,14.5,14.5,14.5,1,1.0,1.0
Person 814,2,14.5,14.5,14.5,1,1.0,1.0
Person 818,2,14.5,14.5,14.5,1,1.0,1.0
Person 820,2,14.5,14.5,14.5,1,1.0,1.0
Person 834,2,14.5,14.5,14.5,1,1.0,1.0
Person 835,2,14.5,14.5,14.5,1,1.0,1.0
Person 841,2,14.5,14.5,14.5,1,1.0,1.0
Person 850,2,14.5,14.5,14.5,1,1.0,1.0
Person 858,2,14.5,14.5,14.5,1,1.0,1.0
Person 876,2,14.5,14.5,14.5,1,1.0,1.0
Person 879,2,14.5,14.5,14.5,1,1.0,1.0
Person 882,2,14.5,14.5,14.5,1,1.0,1.0
Person 914,2,14.5,14.5,14.5,1,1.0,1.0
Person 915,2,14.5,14.5,14.5,1,1.0,1.0
Person 920,2,14.5,14.5,14.5,1,1.0,1.0
Person 934,2,14.5,14.5,14.5,1,1.0,1.0
Person 938,2,14.5,14.5,14.5,1,1.0,1.0
Person 941,2,14.5,14.5,14.5,1,1.0,1.0
Person 950,2,14.5,14.5,14.5,1,1.0,1.0
Person 968,2,14.5,14.5,14.5,1,1.0,1.0
Person 986,2,14.5,14.5,14.5,1,1.0,1.0
Person 987,2,14.5,14.5,14.5,1,1.0,1.0
Person 992,2,14.5,14.5,14.5,1,1.0,1.0
Person 137,6,14.5,10.74,16.87,15,15.0,1.0
Person 30,6,14.51,12.42,16.84,15,15.0,1.0
Person 63,6,14.51,13.1,18.5,15,15.0,1.0
Person 179,5,14.52,13.0,16.84,10,10.0,1.0
Person 504,4,14.52,13.74,16.87,6,6.0,1.0
Person 385,4,14.52,11.8,18.5,6,6.0,1.0
Person 59,6,14.53,11.0,16.87,15,15.0,1.0
Person 118,6,14.55,11.91,14.74,15,15.0,1.0
Person 106,6,14.55,12.92,16.84,15,15.0,1.0
Person 249,5,14.59,12.0,16.87,10,10.0,1.0
Person 365,4,14.59,12.5,16.71,6,6.0,1.0
Person 345,4,14.59,10.34,18.5,6,6.0,1.0
Person 425,4,14.6,13.25,16.87,6,6.0,1.0
Person 162,6,14.61,13.43,16.87,15,15.0,1.0
Person 205,5,14.61,12.25,16.87,10,10.0,1.0
Person 277,5,14.61,12.25,16.87,10,10.0,1.0
Person 784,3,14.61,13.48,16.87,3,3.0,1.0
Person 18,6,14.61,11.5,16.87,15,15.0,1.0
Person 127,6,14.63,11.25,16.87,15,15.0,1.0
Person 536,4,14.66,11.72,16.87,6,6.0,1.0
Person 542,3,14.66,14.21,15.28,3,3.0,1.0
Person 703,3,14.66,13.48,16.77,3,3.0,1.0
Person 399,4,14.68,13.43,16.84,6,6.0,1.0
Person 427,4,14.69,12.25,16.87,6,6.0,1.0
Person 768,3,14.69,13.6,16.87,3,3.0,1.0
Person 225,5,14.71,12.5,16.87,10,10.0,1.0
Person 154,6,14.72,13.0,16.87,15,15.0,1.0
Person 436,4,14.73,13.5,16.87,6,6.0,1.0
Person 172,5,14.74,13.5,16.87,10,10.0,1.0
Person 674,3,14.74,13.59,16.77,3,3.0,1.0
Person 130,6,14.75,10.5,16.87,15,15.0,1.0
Person 511,4,14.75,9.08,18.5,6,6.0,1.0
Person 430,4,14.76,13.88,16.87,6,6.0,1.0
Person 742,3,14.76,13.68,16.84,3,3.0,1.0
Person 86,6,14.76,14.39,16.87,15,15.0,1.0
Person 445,4,14.77,12.5,16.87,6,6.0,1.0
Person 377,4,14.77,13.75,16.87,6,6.0,1.0
Person 414,4,14.77,14.25,16.87,6,6.0,1.0
Person 508,4,14.77,13.75,16.87,6,6.0,1.0
Person 747,3,14.78,13.74,16.87,3,3.0,1.0
Person 159,6,14.78,11.72,16.87,15,15.0,1.0
Person 558,3,14.79,13.75,16.87,3,3.0,1.0
Person 590,3,14.79,13.75,16.87,3,3.0,1.0
Person 653,3,14.79,13.75,16.87,3,3.0,1.0
Person 787,3,14.79,13.0,16.87,3,3.0,1.0
Person 41,6,14.79,12.75,16.87,15,15.0,1.0
Person 510,4,14.81,12.75,16.87,6,6.0,1.0
Person 192,5,14.81,13.5,16.87,10,10.0,1.0
Person 264,5,14.81,12.75,16.87,10,10.0,1.0
Person 311,5,14.82,11.75,16.87,10,10.0,1.0
Person 142,6,14.82,11.84,16.87,15,15.0,1.0
Person 208,5,14.82,13.94,16.87,10,10.0,1.0
Person 298,5,14.84,12.75,16.87,10,10.0,1.0
Person 676,3,14.84,13.74,16.77,3,3.0,1.0
Person 460,4,14.85,12.86,16.84,6,6.0,1.0
Person 380,4,14.85,13.67,16.87,6,6.0,1.0
Person 333,4,14.85,13.75,16.87,6,6.0,1.0
Person 338,4,14.85,13.75,16.87,6,6.0,1.0
Person 505,4,14.85,13.75,16.87,6,6.0,1.0
Person 509,4,14.85,14.25,16.87,6,6.0,1.0
Person 255,5,14.86,14.0,16.87,10,10.0,1.0
Person 525,4,14.86,12.86,16.87,6,6.0,1.0
Person 263,5,14.88,13.73,16.87,10,10.0,1.0
Person 115,6,14.88,12.75,16.87,15,15.0,1.0
Person 42,6,14.89,11.75,16.87,15,15.0,1.0
Person 227,5,14.89,13.0,16.87,10,10.0,1.0
Person 783,3,14.91,13.94,16.84,3,3.0,1.0
Person 170,5,14.91,13.0,16.87,10,10.0,1.0
Person 272,5,14.91,13.0,16.87,10,10.0,1.0
Person 280,5,14.91,13.0,16.87,10,10.0,1.0
Person 320,5,14.91,13.0,16.87,10,10.0,1.0
Person 200,5,14.91,12.92,16.84,10,10.0,1.0
Person 574,3,14.91,13.94,16.87,3,3.0,1.0
Person 1020,2,14.92,14.92,14.92,1,1.0,1.0
Person 1069,2,14.92,14.92,14.92,1,1.0,1.0
Person 168,5,14.92,12.0,16.87,10,10.0,1.0
Person 28,6,14.92,12.42,16.87,15,15.0,1.0
Person 549,3,14.92,13.43,16.84,3,3.0,1.0
Person 750,3,14.93,13.94,16.84,3,3.0,1.0
Person 150,6,14.93,12.75,16.87,15,15.0,1.0
Person 480,4,14.93,13.0,16.87,6,6.0,1.0
Person 219,5,14.94,13.43,18.5,10,10.0,1.0
Person 228,5,14.94,12.98,16.84,10,10.0,1.0
Person 160,6,14.94,12.75,16.87,15,15.0,1.0
Person 286,5,14.94,13.0,16.87,10,10.0,1.0
Person 426,4,14.96,14.0,16.87,6,6.0,1.0
Person 546,3,14.96,14.0,16.87,3,3.0,1.0
Person 550,3,14.96,14.0,16.87,3,3.0,1.0
Person 580,3,14.96,14.0,16.87,3,3.0,1.0
Person 587,3,14.96,14.0,16.87,3,3.0,1.0
Person 600,3,14.96,14.0,16.87,3,3.0,1.0
Person 615,3,14.96,14.0,16.87,3,3.0,1.0
Person 624,3,14.96,14.0,16.87,3,3.0,1.0
Person 642,3,14.96,14.0,16.87,3,3.0,1.0
Person 683,3,14.96,14.0,16.87,3,3.0,1.0
Person 695,3,14.96,14.0,16.87,3,3.0,1.0
Person 697,3,14.96,14.0,16.87,3,3.0,1.0
Person 722,3,14.96,14.0,16.87,3,3.0,1.0
Person 744,3,14.96,14.0,16.87,3,3.0,1.0
Person 756,3,14.96,14.0,16.87,3,3.0,1.0
Person 774,3,14.96,14.0,16.87,3,3.0,1.0
Person 793,3,14.96,14.0,16.87,3,3.0,1.0
Person 85,6,14.96,12.51,18.5,15,15.0,1.0
Person 101,6,14.96,12.25,16.87,15,15.0,1.0
Person 464,4,14.97,14.15,16.71,6,6.0,1.0
Person 387,4,14.97,13.5,18.5,6,6.0,1.0
Person 275,5,14.97,14.5,16.87,10,10.0,1.0
Person 108,6,14.98,12.5,16.87,15,15.0,1.0
Person 960,2,14.98,14.98,14.98,1,1.0,1.0
Person 466,4,14.98,14.0,16.87,6,6.0,1.0
Person 473,4,14.99,14.21,16.77,6,6.0,1.0
Person 346,4,15.0,12.75,16.87,6,6.0,1.0
Person 539,4,15.0,13.88,16.77,6,6.0,1.0
Person 518,4,15.0,13.0,16.87,6,6.0,1.0
Person 759,3,15.0,14.15,16.71,3,3.0,1.0
Person 531,4,15.01,13.48,16.84,6,6.0,1.0
Person 182,5,15.01,10.5,18.5,10,10.0,1.0
Person 370,4,15.01,14.19,15.52,6,6.0,1.0
Person 66,6,15.02,10.09,18.5,15,15.0,1.0
Person 89,6,15.02,14.08,16.84,15,15.0,1.0
Person 1009,2,15.03,15.03,15.03,1,1.0,1.0
Person 16,6,15.04,13.45,16.84,15,15.0,1.0
Person 312,5,15.05,11.15,16.87,10,10.0,1.0
Person 103,6,15.07,12.53,16.87,15,15.0,1.0
Person 248,5,15.08,12.67,16.87,10,10.0,1.0
Person 38,6,15.08,12.51,16.87,15,15.0,1.0
Person 300,5,15.09,13.43,16.87,10,10.0,1.0
Person 429,4,15.09,14.21,16.87,6,6.0,1.0
Person 207,5,15.09,13.5,16.87,10,10.0,1.0
Person 391,4,15.1,14.25,16.87,6,6.0,1.0
Person 60,6,15.11,13.0,16.87,15,15.0,1.0
Person 769,3,15.11,14.21,16.84,3,3.0,1.0
Person 640,3,15.12,14.15,16.71,3,3.0,1.0
Person 693,3,15.12,14.15,16.71,3,3.0,1.0
Person 719,3,15.12,14.25,16.87,3,3.0,1.0
Person 303,5,15.13,12.92,16.87,10,10.0,1.0
Person 97,6,15.13,12.75,16.87,15,15.0,1.0
Person 132,6,15.13,13.94,16.87,15,15.0,1.0
Person 315,5,15.14,13.75,16.87,10,10.0,1.0
Person 708,3,15.14,14.27,16.87,3,3.0,1.0
Person 704,3,15.14,14.49,16.44,3,3.0,1.0
Person 440,4,15.16,13.6,16.71,6,6.0,1.0
Person 299,5,15.17,13.75,16.87,10,10.0,1.0
Person 276,5,15.17,13.75,16.87,10,10.0,1.0
Person 204,5,15.18,11.5,16.87,10,10.0,1.0
Person 1036,2,15.19,15.19,15.19,1,1.0,1.0
Person 1057,2,15.19,15.19,15.19,1,1.0,1.0
Person 1079,2,15.19,15.19,15.19,1,1.0,1.0
Person 829,2,15.19,15.19,15.19,1,1.0,1.0
Person 961,2,15.19,15.19,15.19,1,1.0,1.0
Person 502,4,15.19,13.88,16.87,6,6.0,1.0
Person 846,2,15.21,15.21,15.21,1,1.0,1.0
Person 713,3,15.21,14.25,16.87,3,3.0,1.0
Person 113,6,15.21,13.0,16.87,15,15.0,1.0
Person 389,4,15.24,12.75,18.5,6,6.0,1.0
Person 29,6,15.24,13.75,16.87,15,15.0,1.0
Person 203,5,15.24,13.88,16.87,10,10.0,1.0
Person 662,3,15.24,14.45,16.84,3,3.0,1.0
Person 753,3,15.24,14.45,16.84,3,3.0,1.0
Person 654,3,15.25,12.0,16.87,3,3.0,1.0
Person 122,6,15.25,12.0,16.87,15,15.0,1.0
Person 1157,2,15.25,15.25,15.25,1,1.0,1.0
Person 807,2,15.25,15.25,15.25,1,1.0,1.0
Person 864,2,15.25,15.25,15.25,1,1.0,1.0
Person 886,2,15.25,15.25,15.25,1,1.0,1.0
Person 940,2,15.25,15.25,15.25,1,1.0,1.0
Person 62,6,15.25,12.5,16.87,15,15.0,1.0
Person 687,3,15.25,14.45,16.87,3,3.0,1.0
Person 432,4,15.25,13.74,16.77,6,6.0,1.0
Person 110,6,15.27,13.75,16.87,15,15.0,1.0
Person 1038,2,15.28,15.28,15.28,1,1.0,1.0
Person 543,3,15.29,14.5,16.87,3,3.0,1.0
Person 556,3,15.29,14.5,16.87,3,3.0,1.0
Person 606,3,15.29,14.5,16.87,3,3.0,1.0
Person 644,3,15.29,14.5,16.87,3,3.0,1.0
Person 647,3,15.29,14.5,16.87,3,3.0,1.0
Person 649,3,15.29,14.5,16.87,3,3.0,1.0
Person 657,3,15.29,14.5,16.87,3,3.0,1.0
Person 689,3,15.29,14.5,16.87,3,3.0,1.0
Person 701,3,15.29,14.5,16.87,3,3.0,1.0
Person 712,3,15.29,14.5,16.87,3,3.0,1.0
Person 721,3,15.29,14.5,16.87,3,3.0,1.0
Person 734,3,15.29,14.5,16.87,3,3.0,1.0
Person 740,3,15.29,14.5,16.87,3,3.0,1.0
Person 755,3,15.29,14.5,16.87,3,3.0,1.0
Person 766,3,15.29,14.5,16.87,3,3.0,1.0
Person 770,3,15.29,14.5,16.87,3,3.0,1.0
Person 438,4,15.29,13.68,16.87,6,6.0,1.0
Person 174,5,15.3,13.73,16.87,10,10.0,1.0
Person 128,6,15.3,12.75,16.87,15,15.0,1.0
Person 145,6,15.3,12.75,16.87,15,15.0,1.0
Person 448,4,15.31,13.75,16.87,6,6.0,1.0
Person 468,4,15.31,13.75,16.87,6,6.0,1.0
Person 1011,2,15.31,15.31,15.31,1,1.0,1.0
Person 482,4,15.32,13.67,16.87,6,6.0,1.0
Person 222,5,15.33,12.75,16.87,10,10.0,1.0
Person 499,4,15.33,13.75,16.87,6,6.0,1.0
Person 520,4,15.33,13.75,16.87,6,6.0,1.0
Person 344,4,15.35,13.75,16.87,6,6.0,1.0
Person 412,4,15.35,13.75,16.87,6,6.0,1.0
Person 411,4,15.39,13.57,16.87,6,6.0,1.0
Person 493,4,15.39,13.57,16.87,6,6.0,1.0
Person 521,4,15.39,13.57,16.87,6,6.0,1.0
Person 326,5,15.39,14.19,16.87,10,10.0,1.0
Person 241,5,15.39,14.21,16.84,10,10.0,1.0
Person 21,6,15.4,12.42,16.87,15,15.0,1.0
Person 120,6,15.4,13.0,18.5,15,15.0,1.0
Person 349,4,15.4,13.94,16.87,6,6.0,1.0
Person 295,5,15.41,14.25,16.87,10,10.0,1.0
Person 347,4,15.42,14.45,16.84,6,6.0,1.0
Person 989,2,15.42,15.42,15.42,1,1.0,1.0
Person 72,6,15.42,12.53,16.87,15,15.0,1.0
Person 522,4,15.43,14.15,16.71,6,6.0,1.0
Person 330,4,15.43,14.0,16.87,6,6.0,1.0
Person 350,4,15.43,14.0,16.87,6,6.0,1.0
Person 359,4,15.43,14.0,16.87,6,6.0,1.0
Person 454,4,15.43,14.0,16.87,6,6.0,1.0
Person 15,6,15.43,14.45,16.87,15,15.0,1.0
Person 292,5,15.45,11.91,18.5,10,10.0,1.0
Person 44,6,15.46,13.75,16.87,15,15.0,1.0
Person 306,5,15.47,13.6,16.87,10,10.0,1.0
Person 99,6,15.48,12.64,16.87,15,15.0,1.0
Person 252,5,15.5,13.75,18.5,10,10.0,1.0
Person 849,2,15.52,15.52,15.52,1,1.0,1.0
Person 538,4,15.52,13.5,16.87,6,6.0,1.0
Person 147,6,15.52,14.25,18.5,15,15.0,1.0
Person 198,5,15.53,12.75,16.87,10,10.0,1.0
Person 503,4,15.54,14.19,16.87,6,6.0,1.0
Person 710,3,15.54,14.86,16.84,3,3.0,1.0
Person 138,6,15.55,11.91,18.5,15,15.0,1.0
Person 285,5,15.55,13.94,16.87,10,10.0,1.0
Person 6,6,15.55,12.16,16.87,15,15.0,1.0
Person 84,6,15.56,13.74,16.77,15,15.0,1.0
Person 485,4,15.6,15.22,16.87,6,6.0,1.0
Person 58,6,15.61,13.67,16.87,15,15.0,1.0
Person 233,5,15.62,14.96,16.87,10,10.0,1.0
Person 283,5,15.63,13.5,18.5,10,10.0,1.0
Person 9,6,15.63,13.48,16.87,15,15.0,1.0
Person 604,3,15.63,12.92,18.5,3,3.0,1.0
Person 632,3,15.63,15.06,16.77,3,3.0,1.0
Person 173,5,15.63,13.75,16.87,10,10.0,1.0
Person 323,5,15.63,14.0,16.87,10,10.0,1.0
Person 27,6,15.64,13.94,16.87,15,15.0,1.0
Person 43,6,15.66,13.18,18.5,15,15.0,1.0
Person 189,5,15.66,13.74,16.87,10,10.0,1.0
Person 355,4,15.67,14.45,16.87,6,6.0,1.0
Person 450,4,15.67,14.45,16.87,6,6.0,1.0
Person 50,6,15.68,13.75,16.87,15,15.0,1.0
Person 567,3,15.68,15.14,16.77,3,3.0,1.0
Person 124,6,15.68,13.94,16.84,15,15.0,1.0
Person 199,5,15.68,13.75,16.87,10,10.0,1.0
Person 397,4,15.68,14.5,16.87,6,6.0,1.0
Person 443,4,15.68,14.5,16.87,6,6.0,1.0
Person 446,4,15.68,14.5,16.87,6,6.0,1.0
Person 519,4,15.68,14.5,16.87,6,6.0,1.0
Person 533,4,15.68,14.5,16.87,6,6.0,1.0
Person 212,5,15.69,13.94,16.87,10,10.0,1.0
Person 35,6,15.7,13.94,16.87,15,15.0,1.0
Person 258,5,15.71,13.94,16.87,10,10.0,1.0
Person 287,5,15.71,13.94,16.87,10,10.0,1.0
Person 382,4,15.71,11.0,18.5,6,6.0,1.0
Person 250,5,15.72,14.0,16.87,10,10.0,1.0
Person 33,6,15.72,14.0,16.87,15,15.0,1.0
Person 152,6,15.73,14.25,16.87,15,15.0,1.0
Person 20,6,15.73,13.5,16.87,15,15.0,1.0
Person 190,5,15.74,14.5,18.5,10,10.0,1.0
Person 93,6,15.75,14.5,16.87,15,15.0,1.0
Person 421,4,15.76,13.67,16.77,6,6.0,1.0
Person 215,5,15.76,13.0,18.5,10,10.0,1.0
Person 407,4,15.76,13.74,16.77,6,6.0,1.0
Person 180,5,15.76,14.5,16.87,10,10.0,1.0
Person 555,3,15.78,15.28,16.77,3,3.0,1.0
Person 171,5,15.79,13.0,18.5,10,10.0,1.0
Person 244,5,15.79,13.0,18.5,10,10.0,1.0
Person 595,3,15.79,15.25,16.87,3,3.0,1.0
Person 605,3,15.79,15.25,16.87,3,3.0,1.0
Person 637,3,15.79,15.25,16.87,3,3.0,1.0
Person 761,3,15.79,15.25,16.87,3,3.0,1.0
Person 778,3,15.79,15.25,16.87,3,3.0,1.0
Person 181,5,15.8,14.25,16.77,10,10.0,1.0
Person 579,3,15.8,15.28,16.84,3,3.0,1.0
Person 545,3,15.81,14.0,18.5,3,3.0,1.0
Person 441,4,15.81,13.75,16.87,6,6.0,1.0
Person 665,3,15.81,15.28,16.87,3,3.0,1.0
Person 281,5,15.83,14.0,18.5,10,10.0,1.0
Person 585,3,15.83,13.75,16.87,3,3.0,1.0
Person 788,3,15.83,12.12,18.5,3,3.0,1.0
Person 176,5,15.83,13.48,18.5,10,10.0,1.0
Person 111,6,15.87,13.75,16.87,15,15.0,1.0
Person 297,5,15.87,14.21,18.5,10,10.0,1.0
Person 495,4,15.87,13.57,18.5,6,6.0,1.0
Person 711,3,15.87,13.94,16.84,3,3.0,1.0
Person 95,6,15.9,13.94,16.87,15,15.0,1.0
Person 290,5,15.91,13.94,18.5,10,10.0,1.0
Person 109,6,15.91,14.0,16.87,15,15.0,1.0
Person 210,5,15.92,14.5,16.87,10,10.0,1.0
Person 246,5,15.92,14.5,16.87,10,10.0,1.0
Person 267,5,15.92,14.5,16.87,10,10.0,1.0
Person 161,6,15.93,14.25,16.87,15,15.0,1.0
Person 191,5,15.93,12.95,18.5,10,10.0,1.0
Person 780,3,15.97,15.52,16.87,3,3.0,1.0
Person 123,6,15.97,12.92,16.87,15,15.0,1.0
Person 401,4,15.97,14.98,16.87,6,6.0,1.0
Person 497,4,15.98,11.63,18.5,6,6.0,1.0
Person 985,2,16.01,16.01,16.01,1,1.0,1.0
Person 361,4,16.04,14.25,18.5,6,6.0,1.0
Person 453,4,16.06,12.0,16.87,6,6.0,1.0
Person 483,4,16.06,15.25,16.87,6,6.0,1.0
Person 5,6,16.07,14.45,16.87,15,15.0,1.0
Person 661,3,16.08,14.5,16.87,3,3.0,1.0
Person 677,3,16.08,14.5,16.87,3,3.0,1.0
Person 2,6,16.1,14.0,16.87,15,15.0,1.0
Person 381,4,16.1,13.94,18.5,6,6.0,1.0
Person 444,4,16.12,13.94,18.5,6,6.0,1.0
Person 36,6,16.12,13.25,18.5,15,15.0,1.0
Person 148,6,16.17,12.92,18.5,15,15.0,1.0
Person 741,3,16.17,14.5,18.5,3,3.0,1.0
Person 324,5,16.17,15.28,16.77,10,10.0,1.0
Person 40,6,16.18,10.43,18.5,15,15.0,1.0
Person 307,5,16.18,13.6,16.87,10,10.0,1.0
Person 156,6,16.2,14.5,16.87,15,15.0,1.0
Person 186,5,16.22,15.25,16.87,10,10.0,1.0
Person 688,3,16.23,15.06,16.87,3,3.0,1.0
Person 158,6,16.28,13.74,18.5,15,15.0,1.0
Person 779,3,16.3,15.28,16.84,3,3.0,1.0
Person 375,4,16.32,15.25,16.87,6,6.0,1.0
Person 749,3,16.33,15.25,16.87,3,3.0,1.0
Person 335,4,16.37,13.94,16.87,6,6.0,1.0
Person 467,4,16.4,14.5,18.5,6,6.0,1.0
Person 334,4,16.4,14.5,18.5,6,6.0,1.0
Person 26,6,16.42,14.5,18.5,15,15.0,1.0
Person 1048,2,16.44,16.44,16.44,1,1.0,1.0
Person 1065,2,16.44,16.44,16.44,1,1.0,1.0
Person 1081,2,16.44,16.44,16.44,1,1.0,1.0
Person 1124,2,16.44,16.44,16.44,1,1.0,1.0
Person 384,4,16.44,16.44,16.44,6,6.0,1.0
Person 597,3,16.44,16.44,16.44,3,3.0,1.0
Person 869,2,16.44,16.44,16.44,1,1.0,1.0
Person 905,2,16.44,16.44,16.44,1,1.0,1.0
Person 937,2,16.44,16.44,16.44,1,1.0,1.0
Person 284,5,16.46,14.5,16.87,10,10.0,1.0
Person 494,4,16.53,15.19,16.87,6,6.0,1.0
Person 388,4,16.56,15.28,16.87,6,6.0,1.0
Person 696,3,16.59,16.44,16.87,3,3.0,1.0
Person 196,5,16.62,14.5,16.87,10,10.0,1.0
Person 235,5,16.64,13.94,18.5,10,10.0,1.0
Person 1,6,16.64,15.25,16.87,15,15.0,1.0
Person 8,6,16.65,14.5,18.5,15,15.0,1.0
Person 528,4,16.66,16.44,16.87,6,6.0,1.0
Person 705,3,16.67,15.76,18.5,3,3.0,1.0
Person 328,4,16.68,14.87,18.5,6,6.0,1.0
Person 1074,2,16.71,16.71,16.71,1,1.0,1.0
Person 1104,2,16.71,16.71,16.71,1,1.0,1.0
Person 1155,2,16.71,16.71,16.71,1,1.0,1.0
Person 765,3,16.71,16.71,16.71,3,3.0,1.0
Person 981,2,16.71,16.71,16.71,1,1.0,1.0
Person 994,2,16.71,16.71,16.71,1,1.0,1.0
Person 39,6,16.71,14.5,16.87,15,15.0,1.0
Person 65,6,16.73,15.28,16.87,15,15.0,1.0
Person 378,4,16.74,16.71,16.87,6,6.0,1.0
Person 149,6,16.75,15.25,16.87,15,15.0,1.0
Person 557,3,16.76,16.71,16.87,3,3.0,1.0
Person 573,3,16.76,16.71,16.87,3,3.0,1.0
Person 762,3,16.76,16.71,16.87,3,3.0,1.0
Person 1025,2,16.77,16.77,16.77,1,1.0,1.0
Person 1053,2,16.77,16.77,16.77,1,1.0,1.0
Person 1084,2,16.77,16.77,16.77,1,1.0,1.0
Person 1118,2,16.77,16.77,16.77,1,1.0,1.0
Person 1131,2,16.77,16.77,16.77,1,1.0,1.0
Person 1140,2,16.77,16.77,16.77,1,1.0,1.0
Person 1147,2,16.77,16.77,16.77,1,1.0,1.0
Person 478,4,16.77,16.77,16.77,6,6.0,1.0
Person 618,3,16.77,16.77,16.77,3,3.0,1.0
Person 781,3,16.77,16.77,16.77,3,3.0,1.0
Person 838,2,16.77,16.77,16.77,1,1.0,1.0
Person 855,2,16.77,16.77,16.77,1,1.0,1.0
Person 861,2,16.77,16.77,16.77,1,1.0,1.0
Person 872,2,16.77,16.77,16.77,1,1.0,1.0
Person 917,2,16.77,16.77,16.77,1,1.0,1.0
Person 922,2,16.77,16.77,16.77,1,1.0,1.0
Person 957,2,16.77,16.77,16.77,1,1.0,1.0
Person 979,2,16.77,16.77,16.77,1,1.0,1.0
Person 449,4,16.77,15.21,18.5,6,6.0,1.0
Person 526,4,16.8,15.25,18.5,6,6.0,1.0
Person 623,3,16.8,16.77,16.87,3,3.0,1.0
Person 691,3,16.8,16.77,16.87,3,3.0,1.0
Person 699,3,16.8,16.77,16.87,3,3.0,1.0
Person 717,3,16.8,16.77,16.87,3,3.0,1.0
Person 157,6,16.81,11.77,18.5,15,15.0,1.0
Person 366,4,16.82,16.77,16.87,6,6.0,1.0
Person 396,4,16.82,16.77,16.87,6,6.0,1.0
Person 22,6,16.82,14.45,18.5,15,15.0,1.0
Person 82,6,16.83,16.77,16.87,15,15.0,1.0
Person 1007,2,16.84,16.84,16.84,1,1.0,1.0
Person 1010,2,16.84,16.84,16.84,1,1.0,1.0
Person 1015,2,16.84,16.84,16.84,1,1.0,1.0
Person 1019,2,16.84,16.84,16.84,1,1.0,1.0
Person 1055,2,16.84,16.84,16.84,1,1.0,1.0
Person 1058,2,16.84,16.84,16.84,1,1.0,1.0
Person 1066,2,16.84,16.84,16.84,1,1.0,1.0
Person 1072,2,16.84,16.84,16.84,1,1.0,1.0
Person 1073,2,16.84,16.84,16.84,1,1.0,1.0
Person 1076,2,16.84,16.84,16.84,1,1.0,1.0
Person 1090,2,16.84,16.84,16.84,1,1.0,1.0
Person 1092,2,16.84,16.84,16.84,1,1.0,1.0
Person 1093,2,16.84,16.84,16.84,1,1.0,1.0
Person 1095,2,16.84,16.84,16.84,1,1.0,1.0
Person 1099,2,16.84,16.84,16.84,1,1.0,1.0
Person 1103,2,16.84,16.84,16.84,1,1.0,1.0
Person 1107,2,16.84,16.84,16.84,1,1.0,1.0
Person 1110,2,16.84,16.84,16.84,1,1.0,1.0
Person 1112,2,16.84,16.84,16.84,1,1.0,1.0
Person 1123,2,16.84,16.84,16.84,1,1.0,1.0
Person 1129,2,16.84,16.84,16.84,1,1.0,1.0
Person 1138,2,16.84,16.84,16.84,1,1.0,1.0
Person 1148,2,16.84,16.84,16.84,1,1.0,1.0
Person 1149,2,16.84,16.84,16.84,1,1.0,1.0
Person 1151,2,16.84,16.84,16.84,1,1.0,1.0
Person 342,4,16.84,16.84,16.84,6,6.0,1.0
Person 490,4,16.84,16.84,16.84,6,6.0,1.0
Person 578,3,16.84,16.84,16.84,3,3.0,1.0
Person 794,3,16.84,16.84,16.84,3,3.0,1.0
Person 795,2,16.84,16.84,16.84,1,1.0,1.0
Person 804,2,16.84,16.84,16.84,1,1.0,1.0
Person 827,2,16.84,16.84,16.84,1,1.0,1.0
Person 832,2,16.84,16.84,16.84,1,1.0,1.0
Person 836,2,16.84,16.84,16.84,1,1.0,1.0
Person 839,2,16.84,16.84,16.84,1,1.0,1.0
Person 883,2,16.84,16.84,16.84,1,1.0,1.0
Person 909,2,16.84,16.84,16.84,1,1.0,1.0
Person 911,2,16.84,16.84,16.84,1,1.0,1.0
Person 916,2,16.84,16.84,16.84,1,1.0,1.0
Person 927,2,16.84,16.84,16.84,1,1.0,1.0
Person 935,2,16.84,16.84,16.84,1,1.0,1.0
Person 945,2,16.84,16.84,16.84,1,1.0,1.0
Person 946,2,16.84,16.84,16.84,1,1.0,1.0
Person 954,2,16.84,16.84,16.84,1,1.0,1.0
Person 974,2,16.84,16.84,16.84,1,1.0,1.0
Person 975,2,16.84,16.84,16.84,1,1.0,1.0
Person 984,2,16.84,16.84,16.84,1,1.0,1.0
Person 998,2,16.84,16.84,16.84,1,1.0,1.0
Person 321,5,16.85,16.84,16.87,10,10.0,1.0
Person 553,3,16.85,16.84,16.87,3,3.0,1.0
Person 560,3,16.85,16.84,16.87,3,3.0,1.0
Person 571,3,16.85,16.84,16.87,3,3.0,1.0
Person 613,3,16.85,16.84,16.87,3,3.0,1.0
Person 659,3,16.85,16.84,16.87,3,3.0,1.0
Person 669,3,16.85,16.84,16.87,3,3.0,1.0
Person 672,3,16.85,16.84,16.87,3,3.0,1.0
Person 735,3,16.85,16.84,16.87,3,3.0,1.0
Person 745,3,16.85,16.84,16.87,3,3.0,1.0
Person 746,3,16.85,16.84,16.87,3,3.0,1.0
Person 751,3,16.85,16.84,16.87,3,3.0,1.0
Person 777,3,16.85,16.84,16.87,3,3.0,1.0
Person 786,3,16.85,16.84,16.87,3,3.0,1.0
Person 424,4,16.86,16.84,16.87,6,6.0,1.0
Person 532,4,16.86,16.84,16.87,6,6.0,1.0
Person 223,5,16.86,16.84,16.87,10,10.0,1.0
Person 14,6,16.86,16.84,16.87,15,15.0,1.0
Person 1000,2,16.87,16.87,16.87,1,1.0,1.0
Person 1001,2,16.87,16.87,16.87,1,1.0,1.0
Person 1008,2,16.87,16.87,16.87,1,1.0,1.0
Person 1017,2,16.87,16.87,16.87,1,1.0,1.0
Person 1021,2,16.87,16.87,16.87,1,1.0,1.0
Person 1024,2,16.87,16.87,16.87,1,1.0,1.0
Person 1027,2,16.87,16.87,16.87,1,1.0,1.0
Person 1037,2,16.87,16.87,16.87,1,1.0,1.0
Person 1039,2,16.87,16.87,16.87,1,1.0,1.0
Person 1040,2,16.87,16.87,16.87,1,1.0,1.0
Person 1042,2,16.87,16.87,16.87,1,1.0,1.0
Person 1044,2,16.87,16.87,16.87,1,1.0,1.0
Person 1046,2,16.87,16.87,16.87,1,1.0,1.0
Person 1049,2,16.87,16.87,16.87,1,1.0,1.0
Person 1050,2,16.87,16.87,16.87,1,1.0,1.0
Person 1054,2,16.87,16.87,16.87,1,1.0,1.0
Person 1059,2,16.87,16.87,16.87,1,1.0,1.0
Person 1060,2,16.87,16.87,16.87,1,1.0,1.0
Person 1071,2,16.87,16.87,16.87,1,1.0,1.0
Person 1077,2,16.87,16.87,16.87,1,1.0,1.0
Person 1083,2,16.87,16.87,16.87,1,1.0,1.0
Person 1086,2,16.87,16.87,16.87,1,1.0,1.0
Person 1087,2,16.87,16.87,16.87,1,1.0,1.0
Person 1088,2,16.87,16.87,16.87,1,1.0,1.0
Person 1091,2,16.87,16.87,16.87,1,1.0,1.0
Person 1094,2,16.87,16.87,16.87,1,1.0,1.0
Person 1096,2,16.87,16.87,16.87,1,1.0,1.0
Person 1101,2,16.87,16.87,16.87,1,1.0,1.0
Person 1102,2,16.87,16.87,16.87,1,1.0,1.0
Person 1108,2,16.87,16.87,16.87,1,1.0,1.0
Person 1111,2,16.87,16.87,16.87,1,1.0,1.0
Person 1116,2,16.87,16.87,16.87,1,1.0,1.0
Person 1121,2,16.87,16.87,16.87,1,1.0,1.0
Person 1126,2,16.87,16.87,16.87,1,1.0,1.0
Person 1132,2,16.87,16.87,16.87,1,1.0,1.0
Person 1135,2,16.87,16.87,16.87,1,1.0,1.0
Person 1137,2,16.87,16.87,16.87,1,1.0,1.0
Person 1141,2,16.87,16.87,16.87,1,1.0,1.0
Person 1152,2,16.87,16.87,16.87,1,1.0,1.0
Person 1154,2,16.87,16.87,16.87,1,1.0,1.0
Person 1156,2,16.87,16.87,16.87,1,1.0,1.0
Person 1158,2,16.87,16.87,16.87,1,1.0,1.0
Person 1159,2,16.87,16.87,16.87,1,1.0,1.0
Person 1161,2,16.87,16.87,16.87,1,1.0,1.0
Person 1162,2,16.87,16.87,16.87,1,1.0,1.0
Person 1163,2,16.87,16.87,16.87,1,1.0,1.0
Person 151,6,16.87,16.87,16.87,15,15.0,1.0
Person 163,5,16.87,16.87,16.87,10,10.0,1.0
Person 273,5,16.87,16.87,16.87,10,10.0,1.0
Person 301,5,16.87,16.87,16.87,10,10.0,1.0
Person 319,5,16.87,16.87,16.87,10,10.0,1.0
Person 368,4,16.87,16.87,16.87,6,6.0,1.0
Person 394,4,16.87,16.87,16.87,6,6.0,1.0
Person 452,4,16.87,16.87,16.87,6,6.0,1.0
Person 456,4,16.87,16.87,16.87,6,6.0,1.0
Person 457,4,16.87,16.87,16.87,6,6.0,1.0
Person 512,4,16.87,16.87,16.87,6,6.0,1.0
Person 517,4,16.87,16.87,16.87,6,6.0,1.0
Person 541,3,16.87,16.87,16.87,3,3.0,1.0
Person 547,3,16.87,16.87,16.87,3,3.0,1.0
Person 569,3,16.87,16.87,16.87,3,3.0,1.0
Person 577,3,16.87,16.87,16.87,3,3.0,1.0
Person 583,3,16.87,16.87,16.87,3,3.0,1.0
Person 593,3,16.87,16.87,16.87,3,3.0,1.0
Person 602,3,16.87,16.87,16.87,3,3.0,1.0
Person 612,3,16.87,16.87,16.87,3,3.0,1.0
Person 621,3,16.87,16.87,16.87,3,3.0,1.0
Person 622,3,16.87,16.87,16.87,3,3.0,1.0
Person 627,3,16.87,16.87,16.87,3,3.0,1.0
Person 638,3,16.87,16.87,16.87,3,3.0,1.0
Person 655,3,16.87,16.87,16.87,3,3.0,1.0
Person 660,3,16.87,16.87,16.87,3,3.0,1.0
Person 668,3,16.87,16.87,16.87,3,3.0,1.0
Person 670,3,16.87,16.87,16.87,3,3.0,1.0
Person 679,3,16.87,16.87,16.87,3,3.0,1.0
Person 684,3,16.87,16.87,16.87,3,3.0,1.0
Person 692,3,16.87,16.87,16.87,3,3.0,1.0
Person 700,3,16.87,16.87,16.87,3,3.0,1.0
Person 702,3,16.87,16.87,16.87,3,3.0,1.0
Person 718,3,16.87,16.87,16.87,3,3.0,1.0
Person 720,3,16.87,16.87,16.87,3,3.0,1.0
Person 729,3,16.87,16.87,16.87,3,3.0,1.0
Person 775,3,16.87,16.87,16.87,3,3.0,1.0
Person 797,2,16.87,16.87,16.87,1,1.0,1.0
Person 798,2,16.87,16.87,16.87,1,1.0,1.0
Person 800,2,16.87,16.87,16.87,1,1.0,1.0
Person 805,2,16.87,16.87,16.87,1,1.0,1.0
Person 811,2,16.87,16.87,16.87,1,1.0,1.0
Person 815,2,16.87,16.87,16.87,1,1.0,1.0
Person 823,2,16.87,16.87,16.87,1,1.0,1.0
Person 824,2,16.87,16.87,16.87,1,1.0,1.0
Person 826,2,16.87,16.87,16.87,1,1.0,1.0
Person 828,2,16.87,16.87,16.87,1,1.0,1.0
Person 833,2,16.87,16.87,16.87,1,1.0,1.0
Person 837,2,16.87,16.87,16.87,1,1.0,1.0
Person 842,2,16.87,16.87,16.87,1,1.0,1.0
Person 843,2,16.87,16.87,16.87,1,1.0,1.0
Person 844,2,16.87,16.87,16.87,1,1.0,1.0
Person 845,2,16.87,16.87,16.87,1,1.0,1.0
Person 847,2,16.87,16.87,16.87,1,1.0,1.0
Person 852,2,16.87,16.87,16.87,1,1.0,1.0
Person 856,2,16.87,16.87,16.87,1,1.0,1.0
Person 859,2,16.87,16.87,16.87,1,1.0,1.0
Person 870,2,16.87,16.87,16.87,1,1.0,1.0
Person 871,2,16.87,16.87,16.87,1,1.0,1.0
Person 877,2,16.87,16.87,16.87,1,1.0,1.0
Person 878,2,16.87,16.87,16.87,1,1.0,1.0
Person 880,2,16.87,16.87,16.87,1,1.0,1.0
Person 884,2,16.87,16.87,16.87,1,1.0,1.0
Person 885,2,16.87,16.87,16.87,1,1.0,1.0
Person 890,2,16.87,16.87,16.87,1,1.0,1.0
Person 891,2,16.87,16.87,16.87,1,1.0,1.0
Person 893,2,16.87,16.87,16.87,1,1.0,1.0
Person 894,2,16.87,16.87,16.87,1,1.0,1.0
Person 895,2,16.87,16.87,16.87,1,1.0,1.0
Person 896,2,16.87,16.87,16.87,1,1.0,1.0
Person 897,2,16.87,16.87,16.87,1,1.0,1.0
Person 899,2,16.87,16.87,16.87,1,1.0,1.0
Person 900,2,16.87,16.87,16.87,1,1.0,1.0
Person 908,2,16.87,16.87,16.87,1,1.0,1.0
Person 919,2,16.87,16.87,16.87,1,1.0,1.0
Person 923,2,16.87,16.87,16.87,1,1.0,1.0
Person 925,2,16.87,16.87,16.87,1,1.0,1.0
Person 932,2,16.87,16.87,16.87,1,1.0,1.0
Person 939,2,16.87,16.87,16.87,1,1.0,1.0
Person 942,2,16.87,16.87,16.87,1,1.0,1.0
Person 951,2,16.87,16.87,16.87,1,1.0,1.0
Person 952,2,16.87,16.87,16.87,1,1.0,1.0
Person 955,2,16.87,16.87,16.87,1,1.0,1.0
Person 956,2,16.87,16.87,16.87,1,1.0,1.0
Person 959,2,16.87,16.87,16.87,1,1.0,1.0
Person 962,2,16.87,16.87,16.87,1,1.0,1.0
Person 965,2,16.87,16.87,16.87,1,1.0,1.0
Person 966,2,16.87,16.87,16.87,1,1.0,1.0
Person 967,2,16.87,16.87,16.87,1,1.0,1.0
Person 973,2,16.87,16.87,16.87,1,1.0,1.0
Person 978,2,16.87,16.87,16.87,1,1.0,1.0
Person 982,2,16.87,16.87,16.87,1,1.0,1.0
Person 983,2,16.87,16.87,16.87,1,1.0,1.0
Person 988,2,16.87,16.87,16.87,1,1.0,1.0
Person 995,2,16.87,16.87,16.87,1,1.0,1.0
Person 999,2,16.87,16.87,16.87,1,1.0,1.0
Person 317,5,16.98,11.63,18.5,10,10.0,1.0
Person 364,4,17.14,15.28,18.5,6,6.0,1.0
Person 126,6,17.15,15.25,18.5,15,15.0,1.0
Person 626,3,17.15,14.46,18.5,3,3.0,1.0
Person 760,3,17.33,14.98,18.5,3,3.0,1.0
Person 245,5,17.36,15.25,18.5,10,10.0,1.0
Person 329,4,17.4,15.28,18.5,6,6.0,1.0
Person 792,3,17.4,15.2,18.5,3,3.0,1.0
Person 68,6,17.41,16.84,18.5,15,15.0,1.0
Person 37,6,17.41,16.87,18.5,15,15.0,1.0
Person 134,6,17.51,12.53,18.5,15,15.0,1.0
Person 231,5,17.52,16.87,18.5,10,10.0,1.0
Person 251,5,17.52,16.87,18.5,10,10.0,1.0
Person 409,4,17.68,16.87,18.5,6,6.0,1.0
Person 416,4,17.68,16.87,18.5,6,6.0,1.0
Person 671,3,17.8,16.41,18.5,3,3.0,1.0
Person 675,3,17.95,16.84,18.5,3,3.0,1.0
Person 544,3,17.96,16.87,18.5,3,3.0,1.0
Person 552,3,17.96,16.87,18.5,3,3.0,1.0
Person 589,3,17.96,16.87,18.5,3,3.0,1.0
Person 601,3,17.96,16.87,18.5,3,3.0,1.0
Person 314,5,18.01,16.87,18.5,10,10.0,1.0
Person 193,5,18.14,14.86,18.5,10,10.0,1.0
Person 1041,2,18.5,18.5,18.5,1,1.0,1.0
Person 1064,2,18.5,18.5,18.5,1,1.0,1.0
Person 1098,2,18.5,18.5,18.5,1,1.0,1.0
Person 221,5,18.5,18.5,18.5,10,10.0,1.0
Person 261,5,18.5,18.5,18.5,10,10.0,1.0
Person 373,4,18.5,18.5,18.5,6,6.0,1.0
Person 390,4,18.5,18.5,18.5,6,6.0,1.0
Person 475,4,18.5,18.5,18.5,6,6.0,1.0
Person 514,4,18.5,18.5,18.5,6,6.0,1.0
Person 645,3,18.5,18.5,18.5,3,3.0,1.0
Person 648,3,18.5,18.5,18.5,3,3.0,1.0
Person 71,6,18.5,18.5,18.5,15,15.0,1.0
Person 802,2,18.5,18.5,18.5,1,1.0,1.0
Person 817,2,18.5,18.5,18.5,1,1.0,1.0
Person 831,2,18.5,18.5,18.5,1,1.0,1.0
Person 840,2,18.5,18.5,18.5,1,1.0,1.0
Person 853,2,18.5,18.5,18.5,1,1.0,1.0
Person 857,2,18.5,18.5,18.5,1,1.0,1.0
Person 907,2,18.5,18.5,18.5,1,1.0,1.0
Person 929,2,18.5,18.5,18.5,1,1.0,1.0
Person 977,2,18.5,18.5,18.5,1,1.0,1.0
Person 996,2,18.5,18.5,18.5,1,1.0,1.0
