level_0,level_1
31,30
42,17
46,35
59,27
107,24
138,49
142,75
195,130
210,153
225,188
226,49
226,138
236,180
247,181
263,193
274,20
318,248
340,197
363,229
375,204
380,159
384,286
391,217
408,382
417,308
422,310
430,202
434,386
437,293
438,104
448,410
461,148
463,136
473,92
480,254
494,15
507,467
510,285
512,452
517,442
535,67
553,301
558,81
565,180
565,236
568,120
570,175
572,224
583,12
584,482
586,432
588,456
589,103
600,35
600,46
613,354
623,231
625,245
626,432
626,586
630,407
631,591
632,301
632,553
633,287
641,303
644,637
645,405
646,575
650,611
652,342
660,445
665,552
671,372
672,328
677,355
682,268
683,343
684,526
687,406
690,597
691,187
698,161
699,85
700,41
703,667
704,639
705,385
707,445
707,660
720,414
723,330
734,70
735,436
739,120
739,568
740,313
743,360
746,307
747,328
747,672
750,160
751,289
754,679
756,594
761,757
772,678
778,406
778,687
784,11
785,383
786,501
788,164
797,760
802,659
804,349
808,153
808,210
820,35
820,46
820,600
824,460
826,452
826,512
832,84
836,261
838,121
840,337
842,526
842,684
843,311
848,468
850,258
852,108
853,389
856,164
856,788
857,811
859,74
861,307
861,746
863,219
864,392
867,801
868,161
868,698
870,454
875,312
878,294
882,344
883,865
885,121
885,838
890,782
894,638
898,388
901,400
904,134
909,157
912,487
913,629
914,314
915,299
918,320
919,578
920,475
921,902
926,678
926,772
932,190
934,89
935,539
937,15
937,494
939,78
942,251
943,865
943,883
945,603
946,314
946,914
949,136
949,463
953,666
956,474
960,182
961,127
963,145
964,131
969,577
974,159
974,380
976,658
979,854
982,308
982,417
990,563
996,288
1000,482
1000,584
1001,547
1004,792
1007,16
1008,958
1009,7
1012,298
1016,344
1016,882
1020,95
1021,63
1024,796
1027,620
1029,718
1031,694
1038,462
1043,622
1044,365
1046,618
1047,464
1048,47
1049,542
1051,99
1060,13
1061,379
1064,231
1064,623
1071,161
1071,698
1071,868
1072,822
1076,782
1076,890
1078,281
1079,817
1083,212
1086,244
1088,729
1090,71
1092,487
1092,912
1103,222
1105,966
1106,905
1110,627
1115,174
1116,440
1117,245
1117,625
1118,1084
1120,678
1120,772
1120,926
1124,243
1127,283
1130,1054
1134,1087
1135,283
1135,1127
1137,872
1139,1075
1140,738
1147,1075
1147,1139
1148,265
1149,757
1149,761
1150,770
1153,892
1155,346
1158,298
1158,1012
1163,160
1163,750
1165,763
1166,197
1166,340
1171,344
1171,882
1171,1016
1172,484
1173,729
1173,1088
1177,152
1179,636
1180,459
1183,332
1186,1160
1188,6
1189,770
1189,1150
1190,1018
1191,189
1193,611
1193,650
1194,1146
1198,715
1199,635
1200,1100
1205,423
1208,164
1208,788
1208,856
1209,308
1209,417
1209,982
1210,35
1210,46
1210,600
1210,820
1211,260
1213,621
1214,253
1215,189
1215,1191
1221,338
1223,523
1224,139
1225,821
1226,251
1226,942
1230,800
1235,769
1239,168
1241,702
1254,931
1257,283
1257,1127
1257,1135
1260,145
1260,963
1261,952
1263,792
1263,1004
1267,854
1267,979
1268,219
1268,863
1269,1108
1272,997
1273,1152
1274,527
1277,204
1277,375
1286,302
1287,298
1287,1012
1287,1158
1289,201
1297,100
1302,412
1306,214
1309,450
1311,1042
1314,105
1315,169
1316,984
1318,544
1322,197
1322,340
1322,1166
1325,1159
1327,608
1332,780
1335,161
1335,698
1335,868
1335,1071
1339,1240
1342,308
1342,417
1342,982
1342,1209
1343,1203
1346,1218
1350,1077
1352,11
1352,784
1358,161
1358,698
1358,868
1358,1071
1358,1335
1360,229
1360,363
1362,419
1366,249
1367,34
1368,1114
1369,339
1370,258
1370,850
1374,464
1374,1047
1375,43
1376,410
1376,448
1381,745
1382,66
1383,299
1383,915
1384,722
1385,131
1385,964
1387,1017
1388,663
1390,63
1390,1021
1394,1379
1395,666
1395,953
1398,1280
1399,24
1399,107
1401,381
1409,637
1409,644
1410,228
1419,18
1428,1351
1430,9
1431,622
1431,1043
1433,1
1438,214
1438,1306
1440,372
1440,671
1444,923
1449,351
1451,508
1452,329
1453,446
1456,916
1457,948
1460,207
1461,1162
1462,18
1462,1419
1466,903
1469,849
1470,1141
1471,77
1472,562
1473,126
1474,540
1476,835
1479,287
1479,633
1484,1284
1486,1196
1487,160
1487,750
1487,1163
1492,53
1493,404
1495,347
1497,768
1501,1372
1502,382
1502,408
1504,968
1506,1143
1509,753
1513,1013
1514,302
1514,1286
1515,1271
1517,1280
1517,1398
1529,1468
1530,1002
1531,1463
1534,183
1535,27
1535,59
1536,1151
1540,577
1540,969
1541,763
1541,1165
1543,1480
1544,1414
1545,466
1546,311
1546,843
1547,199
1548,582
1550,92
1550,473
1551,649
1554,1386
1556,1292
1557,938
1562,427
1563,145
1563,963
1563,1260
1566,201
1566,1289
1567,1067
1569,37
1573,334
1574,1480
1574,1543
1575,817
1575,1079
1582,328
1582,672
1582,747
1585,136
1585,463
1585,949
1588,1138
1591,423
1591,1205
1593,1403
1595,223
1597,811
1597,857
1599,3
1600,313
1600,740
1604,475
1604,920
1606,1577
1614,790
1616,108
1616,852
1620,966
1620,1105
1622,405
1622,645
1624,1365
1628,1070
1632,1270
1633,769
1633,1235
1634,729
1634,1088
1634,1173
1636,1161
1637,664
1639,831
1641,364
1642,1111
1648,356
1651,543
1652,907
1653,659
1653,802
1655,1411
1657,369
1661,1413
1662,708
1663,388
1663,898
1666,924
1667,902
1667,921
1668,198
1669,1017
1669,1387
1674,67
1674,535
1676,1347
1681,694
1681,1031
1684,453
1687,1245
1690,1141
1690,1470
1692,1095
1693,1392
1694,358
1695,153
1695,210
1695,808
1701,381
1701,1401
1702,1518
1705,159
1705,380
1705,974
1706,129
1707,634
1708,352
1711,1626
1719,58
1720,343
1720,683
1723,513
1729,1664
1736,958
1736,1008
1739,1253
1740,1288
1743,137
1746,356
1746,1648
1751,482
1751,584
1751,1000
1752,1059
1753,74
1753,859
1755,1397
1756,577
1756,969
1756,1540
1759,1077
1759,1350
1761,1162
1761,1461
1762,92
1762,473
1762,1550
1764,587
1766,1298
1768,1278
1770,1212
1771,366
1773,1247
1775,1741
1776,72
1778,1412
1779,931
1779,1254
1781,783
1782,576
1783,298
1783,1012
1783,1158
1783,1287
1784,1735
1785,323
1786,50
1787,893
1789,1646
1790,241
1793,192
1795,800
1795,1230
1796,300
1798,940
1803,397
1805,400
1805,901
1808,76
1810,282
1813,1094
1814,1136
1817,1241
1820,695
1823,427
1823,1562
1825,13
1825,1060
1826,763
1826,1165
1826,1541
1829,62
1830,73
1833,260
1833,1211
1838,889
1839,219
1839,863
1839,1268
1840,597
1840,690
1841,77
1841,1471
1843,525
1844,653
1847,483
1848,452
1848,512
1848,826
1850,1526
1853,464
1853,1047
1853,1374
1854,407
1854,630
1858,1176
1859,1721
1860,61
1862,611
1862,650
1862,1193
1864,892
1864,1153
1867,1264
1868,303
1868,641
1870,1281
1871,259
1872,1528
1873,1821
1876,377
1878,592
1879,347
1879,1495
1880,1619
1883,1136
1883,1814
1885,984
1885,1316
1886,495
1890,1207
1894,759
1895,602
1897,1379
1897,1394
1898,1053
1900,924
1900,1666
1901,1664
1901,1729
1903,1647
1904,330
1904,723
1905,889
1905,1838
1907,433
1909,1902
1914,566
1915,688
1916,1017
1916,1387
1916,1669
1918,1553
1919,759
1919,1894
1921,1340
1922,571
1923,50
1923,1786
1924,1741
1924,1775
1925,1129
1926,188
1926,225
1931,294
1931,878
1933,1131
1934,66
1934,1382
1942,695
1942,1820
1943,555
1945,562
1945,1472
1949,635
1949,1199
1950,127
1950,961
1951,1603
1952,41
1952,700
1953,1625
1954,157
1954,909
1955,847
1957,1240
1957,1339
1958,712
1959,1042
1959,1311
1960,817
1960,1079
1960,1575
1961,1418
1962,1611
1963,231
1963,623
1963,1064
1964,1177
1965,1066
1967,643
1968,627
1968,1110
1970,696
1971,696
1971,1970
1972,454
1972,870
1973,354
1973,613
1975,104
1975,438
1978,288
1978,996
1979,1507
1981,595
1982,10
1983,334
1983,1573
1984,1748
1986,331
1988,285
1988,510
1990,497
1997,277
2002,975
2006,997
2006,1272
2010,930
2011,348
2012,1849
2013,1704
2017,1284
2017,1484
2019,410
2019,448
2019,1376
2020,540
2020,1474
2022,997
2022,1272
2022,2006
2023,1435
2024,87
2025,301
2025,553
2025,632
2026,1100
2026,1200
2028,647
2029,464
2029,1047
2029,1374
2029,1853
2030,187
2030,691
2031,1065
2032,44
2033,1685
2034,45
2035,330
2035,723
2035,1904
2036,1516
2037,1927
2038,1956
2042,280
2045,1704
2045,2013
2046,550
2047,1579
2048,1195
2050,1863
2056,41
2056,700
2056,1952
2057,364
2057,1641
2062,636
2062,1179
2063,86
2068,371
2071,180
2071,236
2071,565
2073,152
2073,1177
2073,1964
2074,414
2074,720
2076,706
2077,1207
2077,1890
2078,1920
2079,1801
2080,420
2086,1863
2086,2050
2088,1629
2089,1157
2093,891
2097,360
2097,743
2100,1411
2100,1655
2101,1095
2101,1692
2102,103
2102,589
2106,1303
2108,2041
2110,758
2112,593
2114,194
2117,349
2117,804
2120,1195
2120,2048
2122,952
2122,1261
2123,779
2131,371
2131,2068
2132,1806
2134,1980
2136,432
2136,586
2136,626
2138,182
2138,960
2142,1465
2146,1138
2146,1588
2147,1892
2148,1683
2150,566
2150,1914
2151,413
2153,1801
2153,2079
2155,170
2156,1413
2156,1661
2157,1386
2157,1554
2159,207
2159,1460
2161,628
2163,1017
2163,1387
2163,1669
2163,1916
2165,1491
2166,674
2168,715
2168,1198
2171,748
2173,1611
2173,1962
2178,1402
2181,495
2181,1886
2182,1434
2184,1122
2185,988
2186,2158
2187,127
2187,961
2187,1950
2188,329
2188,1452
2191,1407
2193,84
2193,832
2195,1520
2196,71
2196,1090
2197,524
2198,997
2198,1272
2198,2006
2198,2022
2200,289
2200,751
2201,1296
2204,1159
2204,1325
2205,134
2205,904
2209,825
2210,1875
2211,307
2211,746
2211,861
2212,1609
2214,1811
2216,165
2217,283
2217,1127
2217,1135
2217,1257
2218,1696
2219,342
2219,652
2221,1533
2222,810
2223,67
2223,535
2223,1674
2226,1271
2226,1515
2228,1717
2230,1264
2230,1867
2231,811
2231,857
2231,1597
2232,193
2232,263
2234,1371
2237,1728
2239,189
2239,1191
2239,1215
2240,899
2241,1929
2242,1998
2244,2041
2244,2108
2245,419
2245,1362
2246,77
2246,1471
2246,1841
2248,578
2248,919
2253,709
2254,1947
2255,328
2255,672
2255,747
2255,1582
2258,1580
2259,1908
2261,23
2263,674
2263,2166
2264,587
2264,1764
2268,1726
2269,540
2269,1474
2269,2020
2270,240
2272,1356
2276,223
2276,1595
2280,50
2280,1786
2280,1923
2281,1646
2281,1789
2288,658
2288,976
2289,1834
2291,821
2291,1225
2292,522
2294,1618
2296,2203
2297,1834
2297,2289
2298,951
2300,1920
2300,2078
2301,168
2301,1239
2302,1932
2304,243
2304,1124
2305,1507
2305,1979
2306,1619
2306,1880
2307,436
2307,735
2312,587
2312,1764
2312,2264
2314,658
2314,976
2314,2288
2315,341
2318,1231
2319,594
2319,756
2323,2130
2325,288
2325,996
2325,1978
2326,1195
2326,2048
2326,2120
2327,1412
2327,1778
2328,910
2329,201
2329,1289
2329,1566
2334,49
2334,138
2334,226
2335,860
2336,1099
2337,302
2337,1286
2337,1514
2338,1819
2340,1393
2341,245
2341,625
2341,1117
2344,2203
2344,2296
2345,130
2345,195
2351,95
2351,1020
2353,1672
2354,1323
2355,1980
2355,2134
2356,1613
2357,1577
2357,1606
2358,277
2358,1997
2359,1769
2360,594
2360,756
2360,2319
2362,1355
2366,566
2366,1914
2366,2150
2367,1095
2367,1692
2367,2101
2370,766
2373,542
2373,1049
2376,2316
2378,886
2382,2235
2383,290
2384,1010
2385,924
2385,1666
2385,1900
2386,253
2386,1214
2387,549
2388,523
2388,1223
2389,603
2389,945
2390,635
2390,1199
2390,1949
2393,181
2393,247
2394,805
2396,1417
2401,768
2401,1497
2402,2361
2403,550
2403,2046
2405,197
2405,340
2405,1166
2405,1322
2407,801
2407,867
2408,1122
2408,2184
2410,1032
2411,798
2412,412
2412,1302
2415,1685
2415,2033
2417,2275
2418,1670
2419,1045
2420,2215
2421,1365
2421,1624
2425,2160
2427,962
2429,1763
2430,1908
2430,2259
2431,23
2431,2261
2433,192
2433,1793
2435,993
2436,879
2438,2293
2439,609
2441,310
2441,422
2442,1811
2442,2214
2444,657
2445,910
2445,2328
2446,924
2446,1666
2446,1900
2446,2385
2447,2162
2449,1202
2452,1908
2452,2259
2452,2430
2453,1262
2456,2229
2461,1849
2461,2012
2462,2018
2463,1234
2465,1
2465,1433
2466,1167
2467,1070
2467,1628
2468,2238
2469,2236
2470,1481
2471,182
2471,960
2471,2138
2473,254
2473,480
2474,293
2474,437
2475,137
2475,1743
2476,1246
2477,1888
2478,695
2478,1820
2478,1942
2480,1280
2480,1398
2480,1517
2481,364
2481,1641
2481,2057
2482,1580
2482,2258
2483,301
2483,553
2483,632
2483,2025
2485,1980
2485,2134
2485,2355
2487,193
2487,263
2487,2232
2489,1247
2489,1773
2494,736
2496,1262
2496,2453
2499,1161
2499,1636
2500,810
2500,2222
2503,254
2503,480
2503,2473
2505,54
2507,992
2509,267
2511,2484
2512,67
2512,535
2512,1674
2512,2223
2513,139
2513,1224
2514,666
2514,953
2514,1395
2515,1252
2516,936
2517,1929
2517,2241
2518,2247
2521,1227
2522,194
2522,2114
2524,133
2528,153
2528,210
2528,808
2528,1695
2529,1307
2531,2133
2534,860
2534,2335
2536,891
2536,2093
2538,1824
2539,1704
2539,2013
2539,2045
2541,561
2543,2087
2545,1774
2546,551
2547,257
2548,581
2549,2332
2550,29
2552,2000
2554,2243
2555,1192
2556,2320
2557,459
2557,1180
2558,1340
2558,1921
2559,849
2559,1469
2561,254
2561,480
2561,2473
2561,2503
2562,396
2563,1094
2563,1813
2564,805
2564,2394
2566,1178
2569,2172
2570,810
2570,2222
2570,2500
2573,301
2573,553
2573,632
2573,2025
2573,2483
2578,516
2579,930
2579,2010
2580,388
2580,898
2580,1663
2582,240
2582,2270
2584,272
2587,344
2587,882
2587,1016
2587,1171
2590,290
2590,2383
2591,148
2591,461
2592,770
2592,1150
2592,1189
2593,1688
2595,917
2597,199
2597,1547
2598,2450
2599,676
2600,9
2600,1430
2602,1832
2604,1609
2604,2212
2606,1017
2606,1387
2606,1669
2606,1916
2606,2163
2607,1295
2608,1187
2611,13
2611,1060
2611,1825
2612,1032
2612,2410
2615,1665
2618,759
2618,1894
2618,1919
2620,218
2624,29
2624,2550
2626,8
2627,316
2628,206
2629,1434
2629,2182
2631,44
2631,2032
2633,1718
2635,354
2635,613
2635,1973
2636,1356
2636,2272
2642,1906
2644,2460
2647,304
2648,137
2648,1743
2648,2475
2650,2065
2652,1094
2652,1813
2652,2563
2653,892
2653,1153
2653,1864
2655,231
2655,623
2655,1064
2655,1963
2657,1407
2657,2191
2661,18
2661,1419
2661,1462
2662,48
2664,163
2666,798
2666,2411
2667,1303
2667,2106
2668,137
2668,1743
2668,2475
2668,2648
2671,245
2671,625
2671,1117
2671,2341
2672,330
2672,723
2672,1904
2672,2035
2675,293
2675,437
2675,2474
2676,616
2679,760
2679,797
2681,192
2681,1793
2681,2433
2682,397
2682,1803
2684,1758
2685,1037
2686,1415
2688,955
2689,1671
2691,616
2691,2676
2694,1992
2695,954
2697,2309
2699,847
2699,1955
2700,1626
2700,1711
2701,1023
2702,1338
2703,1070
2703,1628
2703,2467
2705,2095
2706,1834
2706,2289
2706,2297
2708,1488
2709,1683
2709,2148
2710,300
2710,1796
2712,2027
2713,1420
2715,420
2715,2080
2717,1095
2717,1692
2717,2101
2717,2367
2718,624
2720,1607
2721,188
2721,225
2721,1926
2722,1685
2722,2033
2722,2415
2723,758
2723,2110
2727,1093
2728,389
2728,853
2733,1627
2734,61
2734,1860
2735,1912
2737,2215
2737,2420
2738,668
2740,957
2741,2575
2742,1247
2742,1773
2742,2489
2743,681
2744,776
2745,1192
2745,2555
2747,2175
2748,1747
2749,1939
2750,2320
2750,2556
2751,454
2751,870
2751,1972
2754,372
2754,671
2754,1440
2755,2215
2755,2420
2755,2737
2757,1863
2757,2050
2757,2086
2758,1929
2758,2241
2758,2517
2759,620
2759,1027
2760,1006
2761,1507
2761,1979
2761,2305
2762,2127
2765,440
2765,1116
2767,732
2769,1245
2771,1598
2773,35
2773,46
2773,600
2773,820
2773,1210
2774,49
2774,138
2774,226
2774,2334
2775,1558
2776,580
2779,1355
2779,2362
2781,1846
2785,159
2785,380
2785,974
2786,66
2786,1382
2786,1934
2789,160
2789,750
2789,1163
2789,1487
2790,582
2790,1548
2792,332
2792,1183
2794,442
2794,517
2795,809
2796,2392
2799,1728
2799,2237
2802,1553
2802,1918
2803,664
2803,1637
2807,389
2807,853
2807,2728
2808,1251
2809,360
2809,743
2809,2097
2810,117
2811,1671
2811,2689
2812,1454
2813,1084
2813,1118
2814,15
2814,494
2814,937
2815,1721
2815,1859
2817,1084
2817,1118
2817,2813
2819,955
2819,2688
2820,1308
2821,467
2821,507
2823,2426
2824,951
2824,2298
2825,1902
2825,1909
2830,124
2831,232
2833,1112
2835,930
2835,2010
2835,2579
2836,2273
2841,862
2843,131
2843,964
2843,1385
2844,1572
2846,1801
2846,2079
2846,2153
2848,164
2848,788
2848,856
2848,1208
2849,2455
2850,509
2852,216
2854,111
2856,768
2856,1497
2856,2401
2858,489
2860,2021
2861,637
2861,644
2861,1409
2863,474
2863,956
2865,2432
2866,667
2866,703
2868,1328
2869,201
2869,1289
2869,1566
2869,2329
2870,188
2870,225
2870,1926
2870,2721
2871,1160
2871,1186
2872,2190
2875,36
2876,800
2876,1230
2876,1795
2880,112
2881,392
2881,864
2882,697
2885,1463
2885,1531
2886,2826
2888,173
2889,1169
2890,580
2890,2776
2891,187
2891,691
2891,2030
2893,1645
2896,527
2896,1274
2897,1227
2897,2521
2898,1612
2899,1396
2900,108
2900,852
2900,1616
2901,355
2901,677
2903,1913
2904,1673
2905,343
2905,683
2905,1720
2906,13
2906,1060
2906,1825
2906,2611
2908,1389
2909,523
2909,1223
2909,2388
2910,1407
2910,2191
2910,2657
2911,339
2911,1369
2912,2149
2913,1338
2913,2702
2914,259
2914,1871
2915,2725
2917,681
2917,2743
2918,1349
2921,2828
2922,1299
2923,1053
2923,1898
2927,1980
2927,2134
2927,2355
2927,2485
2929,175
2929,570
2931,575
2931,646
2932,872
2932,1137
2933,1688
2933,2593
2934,202
2934,430
2937,1494
2938,139
2938,1224
2938,2513
2939,526
2939,684
2939,842
2940,2381
2942,2090
2944,1629
2944,2088
2945,248
2945,318
2946,145
2946,963
2946,1260
2946,1563
2947,1527
2950,1602
2952,390
2953,592
2953,1878
2954,2491
2955,2008
2956,1665
2956,2615
2957,419
2957,1362
2957,2245
2958,702
2958,1241
2958,1817
2959,757
2959,761
2959,1149
2961,905
2961,1106
2964,805
2964,2394
2964,2564
2966,886
2966,2378
2967,216
2967,2852
2968,2346
2969,1527
2969,2947
2970,37
2970,1569
2971,591
2971,631
2972,1313
2977,2277
2978,44
2978,2032
2978,2631
2979,790
2979,1614
2984,770
2984,1150
2984,1189
2984,2592
2985,1908
2985,2259
2985,2430
2985,2452
2986,2423
2989,2987
2991,871
2992,56
2993,455
2995,733
2997,378
2998,809
2998,2795
2999,2127
2999,2762
3002,738
3002,1140
3005,1758
3005,2684
3007,1034
3009,865
3009,883
3009,943
3010,2678
3013,2625
3015,1203
3015,1343
3016,1138
3016,1588
3016,2146
3017,28
3020,1834
3020,2289
3020,2297
3020,2706
3022,174
3022,1115
3023,1122
3023,2184
3023,2408
3025,365
3025,1044
3027,126
3027,1473
3028,2238
3028,2468
3029,152
3030,1976
3032,68
3034,1561
3036,1142
3040,1700
3041,1617
3043,2275
3043,2417
3044,1402
3044,2178
3045,1845
3046,2980
3047,1152
3047,1273
3048,1404
3050,905
3050,1106
3050,2961
3051,1070
3051,1628
3051,2467
3051,2703
3052,1349
3052,2918
3053,1337
3054,689
3055,283
3055,1127
3055,1135
3055,1257
3055,2217
3057,2495
3059,2125
3060,3035
3062,2169
3063,2406
3064,254
3064,480
3064,2473
3064,2503
3064,2561
3065,571
3065,1922
3066,1013
3066,1513
3067,2128
3068,14
3070,104
3070,438
3070,1975
3071,1098
3072,781
3074,3038
3075,1053
3075,1898
3075,2923
3076,781
3076,3072
3077,1992
3077,2694
3080,2158
3080,2186
3082,3011
3084,2510
3087,1526
3087,1850
3088,2902
3089,2639
3091,2175
3091,2747
3092,2753
3093,2855
3095,357
3096,1625
3096,1953
3097,1168
3098,2251
3099,451
3101,2479
3102,1673
3102,2904
3104,57
3105,206
3105,2628
3106,45
3106,2034
3108,178
3110,1298
3110,1766
3111,663
3111,1388
3112,1312
3113,1721
3113,1859
3113,2815
3115,2454
3116,112
3116,2880
3118,1568
3119,223
3119,1595
3119,2276
3121,2962
3125,2369
3126,121
3126,838
3126,885
3127,1966
3128,1032
3128,2410
3128,2612
3129,294
3129,878
3129,1931
3130,364
3130,1641
3130,2057
3130,2481
3131,66
3131,1382
3131,1934
3131,2786
3133,3124
3134,3026
3135,2149
3135,2912
3136,288
3136,996
3136,1978
3136,2325
3137,828
3138,1670
3138,2418
3139,931
3139,1254
3139,1779
3141,559
3142,2069
3143,2565
3144,1537
3145,1811
3145,2214
3145,2442
3146,2065
3146,2650
3148,1673
3148,2904
3148,3102
3149,455
3149,2993
3150,3086
3153,450
3153,1309
3154,2542
3155,388
3155,898
3155,1663
3155,2580
3156,670
3158,694
3158,1031
3158,1681
3160,1682
3163,335
3166,1807
3170,15
3170,494
3170,937
3170,2814
3172,33
3175,2277
3175,2977
3176,627
3176,1110
3176,1968
3177,2838
3178,554
3179,183
3179,1534
3180,495
3180,1886
3180,2181
3181,715
3181,1198
3181,2168
3184,872
3184,1137
3184,2932
3186,911
3187,2008
3187,2955
3188,2347
3193,2432
3193,2865
3194,1527
3194,2947
3194,2969
3195,390
3195,2952
3196,1630
3198,482
3198,584
3198,1000
3198,1751
3201,692
3204,2350
3205,174
3205,1115
3205,3022
3206,159
3206,380
3206,974
3206,1705
3206,2785
3207,299
3207,915
3207,1383
3208,474
3208,956
3208,2863
3209,1527
3209,2947
3209,2969
3209,3194
3210,1003
3211,2508
3212,2098
3216,951
3216,2298
3216,2824
3221,468
3221,848
3224,198
3224,1668
3225,164
3225,788
3225,856
3225,1208
3225,2848
3228,2190
3228,2872
3229,15
3229,494
3229,937
3229,2814
3229,3170
3230,483
3230,1847
3232,3081
3233,92
3233,473
3233,1550
3233,1762
3237,1920
3237,2078
3237,2300
3239,1037
3239,2685
3240,38
3242,674
3242,2166
3242,2263
3243,2948
3246,87
3246,2024
3247,1151
3247,1536
3248,812
3249,973
3250,176
3251,1611
3251,1962
3251,2173
3252,1799
3253,79
3254,810
3254,2222
3254,2500
3254,2570
3256,3203
3257,760
3257,797
3257,2679
3258,487
3258,912
3258,1092
3261,198
3261,1668
3261,3224
3264,165
3264,2216
3265,2175
3265,2747
3265,3091
3266,2139
3267,1402
3267,2178
3267,3044
3268,2960
3269,1992
3269,2694
3269,3077
3270,272
3270,2584
3271,792
3271,1004
3271,1263
3272,847
3272,1955
3272,2699
3273,958
3273,1008
3273,1736
3275,518
3276,2126
3277,3049
3281,37
3281,1569
3281,2970
3282,1800
3283,175
3283,570
3283,2929
3285,702
3285,1241
3285,1817
3285,2958
3288,1747
3288,2748
3291,1089
3292,1010
3292,2384
3293,538
3295,676
3295,2599
3296,103
3296,589
3296,2102
3297,1270
3297,1632
3298,1507
3298,1979
3298,2305
3298,2761
3301,591
3301,631
3301,2971
3304,53
3304,1492
3305,2902
3305,3088
3307,2787
3308,607
3311,636
3311,1179
3311,2062
3312,44
3312,2978
3315,513
3315,1723
3316,1349
3316,2918
3316,3052
3317,174
3317,1115
3317,3022
3317,3205
3319,77
3319,1471
3319,1841
3319,2246
3321,95
3321,1020
3321,2351
3322,1621
3323,303
3323,641
3323,1868
3325,538
3325,3293
3326,2960
3326,3268
3330,423
3330,1205
3330,1591
3333,2391
3334,63
3334,1021
3334,1390
3336,85
3336,699
3338,2855
3338,3093
3339,2149
3339,2912
3339,3135
3340,1454
3340,2812
3341,224
3341,572
3342,1002
3342,1530
3348,708
3348,1662
3349,1067
3349,1567
3350,47
3350,1048
3351,2632
3352,3049
3352,3277
3354,2220
3355,442
3355,517
3355,2794
3360,2502
3361,599
3364,2018
3364,2462
3365,831
3365,1639
3366,95
3366,1020
3366,2351
3366,3321
3367,941
3368,567
3369,2663
3371,249
3371,1366
3372,2763
3373,2125
3373,3059
3374,1439
3376,571
3376,1922
3376,3065
3377,2980
3377,3046
3378,2277
3378,2977
3378,3175
3379,2332
3379,2549
3383,895
3384,596
3385,1526
3385,1850
3385,3087
3386,668
3386,2738
3387,886
3387,2378
3387,2966
3388,1724
3389,1085
3390,1308
3390,2820
3391,1123
3392,468
3392,848
3392,3221
3395,582
3395,1548
3395,2790
3397,2873
3399,2284
3402,1580
3402,2258
3402,2482
3403,2797
3404,523
3404,1223
3404,2388
3404,2909
3406,578
3406,919
3406,2248
3408,653
3408,1844
3409,3314
3412,1245
3412,1687
3412,2769
3413,611
3413,650
3413,1193
3413,1862
3414,2639
3414,3089
3415,607
3415,3308
3416,286
3416,384
3422,1627
3422,2733
3424,29
3424,2550
3424,2624
3425,3300
3426,561
3426,2541
3427,2589
3428,612
3429,347
3429,1495
3429,1879
3430,1612
3430,2898
3431,2361
3431,2402
3432,2059
3433,2575
3433,2741
3434,759
3434,1894
3434,1919
3434,2618
3435,657
3435,2444
3438,1138
3438,1588
3438,2146
3438,3016
3439,302
3439,1286
3439,1514
3439,2337
3440,320
3440,918
3441,1355
3441,2362
3441,2779
3443,2060
3444,1465
3444,2142
3447,406
3447,687
3447,778
3448,3217
3449,636
3449,1179
3449,3311
3450,790
3450,1614
3450,2979
3451,2275
3451,2417
3451,3043
3452,60
3454,3363
3455,41
3455,700
3455,1952
3455,2056
3456,1906
3456,2642
3457,1108
3457,1269
3458,385
3458,705
3461,2638
3463,2492
3464,228
3464,1410
3465,930
3465,2010
3465,2579
3465,2835
3466,3152
3467,643
3467,1967
3468,99
3468,1051
3469,466
3469,1545
3470,621
3470,1213
3471,2926
3472,886
3472,2378
3472,2966
3472,3387
3473,2158
3473,2186
3473,3080
3475,689
3475,3054
3476,3038
3476,3074
3477,762
3478,2687
3481,52
3484,2118
3485,593
3485,2112
3487,454
3487,870
3487,1972
3487,2751
3488,1625
3488,1953
3488,3096
3489,2316
3489,2376
3490,2227
3493,1244
3494,1077
3494,1350
3494,1759
3495,1602
3495,2950
3496,3289
3497,524
3497,2197
3498,1066
3498,1965
3500,1672
3500,2353
3501,2732
3502,2502
3502,3360
3504,1728
3504,2237
3504,2799
3507,489
3507,2858
3508,787
3510,582
3510,1548
3510,2790
3510,3395
3511,1407
3511,2191
3511,2657
3511,2910
3512,3405
3515,599
3515,3361
3516,2663
3516,3369
3517,82
3519,1131
3519,1933
3521,2169
3521,3062
3525,523
3525,1223
3525,2388
3525,2909
3525,3404
3526,1039
3528,1623
3529,1313
3529,2972
3535,3152
3535,3466
3537,696
3537,1970
3537,1971
3538,902
3538,921
3538,1667
3539,1094
3539,1813
3539,2563
3539,2652
3540,1605
3541,578
3541,919
3541,2248
3541,3406
3542,1902
3542,1909
3542,2825
3543,1006
3543,2760
3544,3213
3546,419
3546,1362
3546,2245
3546,2957
3547,219
3547,863
3547,1268
3547,1839
3549,2027
3549,2712
3551,183
3551,1534
3551,3179
3553,966
3553,1105
3553,1620
3554,668
3554,2738
3554,3386
3555,752
3556,1102
3557,2413
3558,3182
3559,2215
3559,2420
3559,2755
3560,36
3560,2875
3561,1811
3561,2214
3561,2442
3561,3145
3562,3503
3563,1765
3564,1463
3564,1531
3564,2885
3565,204
3565,375
3565,1277
3567,854
3567,979
3567,1267
3568,58
3568,1719
3570,134
3570,904
3570,2205
3571,2990
3572,1800
3572,3282
3574,1146
3574,1194
3577,455
3577,2993
3577,3149
3579,137
3579,1743
3579,2475
3579,2648
3579,2668
3580,2284
3580,3399
3582,1906
3582,2642
3582,3456
3584,1400
3586,3314
3586,3409
3587,575
3587,646
3587,2931
3588,476
3589,1094
3589,1813
3589,2563
3589,2652
3589,3539
3590,1424
3591,260
3591,1211
3591,1833
3592,385
3592,705
3592,3458
3593,500
3594,3363
3594,3454
3595,3122
3597,112
3597,2880
3597,3116
3598,637
3598,644
3598,1409
3598,2861
3599,681
3599,2743
3599,2917
3601,1245
3601,1687
3601,2769
3601,3412
3602,539
3602,935
3603,651
3604,527
3604,1274
3604,2896
3605,1033
3608,657
3608,2444
3608,3435
3609,50
3609,1786
3609,1923
3609,2280
3610,1288
3610,1740
3611,2041
3611,2108
3611,2244
3612,2949
3613,2299
3614,3531
3615,1992
3615,2694
3615,3077
3615,3269
3617,460
3617,824
3618,1586
3620,407
3620,630
3620,1854
3622,925
3627,1159
3627,1325
3627,2204
3628,369
3628,1657
3630,938
3630,1557
3631,455
3631,2993
3631,3149
3631,3577
3632,95
3632,1020
3632,2351
3632,3321
3632,3366
3633,1532
3634,38
3634,3240
3636,835
3636,1476
3639,78
3639,939
3643,1488
3643,2708
3645,456
3645,588
3646,2987
3646,2989
3650,835
3650,1476
3650,3636
3652,1477
3654,1646
3654,1789
3654,2281
3655,223
3655,1595
3655,2276
3655,3119
3658,151
3660,2265
3661,2506
3663,2052
3664,2348
3666,60
3666,3452
3667,837
3668,2247
3668,2518
3670,47
3670,1048
3670,3350
3671,669
3672,1927
3672,2037
3673,822
3673,1072
3674,1849
3674,2012
3674,2461
3675,2704
3676,352
3676,1708
3678,2949
3678,3612
3679,753
3679,1509
3680,1161
3680,1636
3680,2499
3683,151
3683,3658
3684,622
3684,1043
3684,1431
3685,1348
3686,585
3687,2061
3688,3533
3689,349
3689,804
3689,2117
3691,1408
3693,3123
3694,2638
3694,3461
3695,551
3695,2546
3696,728
3698,521
3699,378
3699,2997
3700,23
3700,2261
3700,2431
3701,862
3701,2841
3702,10
3702,1982
3703,70
3703,734
3705,1262
3705,2453
3705,2496
3706,411
3707,3306
3709,579
3710,76
3710,1808
3713,1956
3713,2038
3715,927
3719,795
3721,1586
3721,3618
3723,1748
3723,1984
3726,253
3726,1214
3726,2386
3727,388
3727,898
3727,1663
3727,2580
3727,3155
3728,952
3728,1261
3728,2122
3729,84
3729,832
3729,2193
3730,635
3730,1199
3730,1949
3730,2390
3732,2392
3732,2796
3735,781
3735,3072
3735,3076
3738,1728
3738,2237
3738,2799
3738,3504
3739,1910
3740,289
3740,751
3740,2200
3741,159
3741,380
3741,974
3741,1705
3741,2785
3741,3206
3742,1161
3742,1636
3742,2499
3742,3680
3743,2413
3743,3557
3745,3123
3745,3693
3746,1304
3747,474
3747,956
3747,2863
3747,3208
3748,2332
3748,2549
3748,3379
3750,2081
3751,2004
3752,1059
3752,1752
3753,1568
3753,3118
3754,1203
3754,1343
3754,3015
3755,3031
3756,557
3757,2227
3757,3490
3762,1
3762,1433
3762,2465
3764,566
3764,1914
3764,2150
3764,2366
3765,709
3765,2253
3766,201
3766,1289
3766,1566
3766,2329
3766,2869
3767,2663
3767,3369
3767,3516
3768,355
3768,677
3768,2901
3770,1586
3770,3618
3770,3721
3771,1037
3771,2685
3771,3239
3775,905
3775,1106
3775,2961
3775,3050
3776,2220
3776,3354
3777,1248
3778,2605
3779,450
3779,1309
3779,3153
3783,427
3783,1562
3783,1823
3785,2008
3785,2955
3785,3187
3786,822
3786,1072
3786,3673
3788,607
3788,3308
3788,3415
3789,360
3789,743
3789,2097
3789,2809
3790,1518
3790,1702
3792,131
3792,964
3792,1385
3792,2843
3793,1408
3793,3691
3796,75
3796,142
3798,781
3798,3072
3798,3076
3798,3735
3799,1195
3799,2048
3799,2120
3799,2326
3800,342
3800,652
3800,2219
3801,2674
3802,2313
3804,2791
3805,651
3805,3603
3808,736
3808,2494
3809,1429
3810,1682
3810,3160
3811,487
3811,912
3811,1092
3811,3258
3812,2960
3812,3268
3812,3326
3813,2690
3814,1264
3814,2230
3815,259
3815,1871
3815,2914
3816,1621
3816,3322
3818,1075
3818,1139
3818,1147
3819,1491
3819,2165
3820,643
3820,1967
3820,3467
3821,2990
3821,3571
3822,1416
3830,3787
3831,185
3832,602
3832,1895
3833,1416
3833,3822
3834,1240
3834,1339
3834,1957
3835,331
3835,1986
3837,2454
3837,3115
3839,745
3839,1381
3843,1349
3843,2918
3843,3052
3843,3316
3844,2902
3844,3088
3844,3305
3848,1036
3849,1939
3849,2749
3850,3722
3851,1538
3852,98
3853,38
3853,3240
3853,3634
3854,3026
3854,3134
3855,1685
3855,2033
3855,2415
3855,2722
3856,262
3857,2227
3857,3490
3857,3757
3858,2730
3859,381
3859,1401
3859,1701
3863,1212
3863,1770
3865,940
3865,1798
3866,1085
3866,3389
3867,1313
3867,2972
3867,3529
3869,194
3869,2114
3869,2522
3871,1836
3872,30
3872,31
3874,941
3874,3367
3875,266
3876,992
3876,2507
3877,1932
3877,2302
3878,1111
3878,1642
3879,85
3879,699
3879,3336
3880,1788
3881,1735
3881,1784
3883,805
3883,2394
3883,2564
3883,2964
3884,1111
3884,1642
3884,3878
3885,1278
3885,1768
3886,1065
3886,2031
3887,1721
3887,1859
3887,2815
3887,3113
3891,3003
3892,2236
3892,2469
3895,3607
3896,3086
3896,3150
3897,1435
3897,2023
3899,1688
3899,2593
3899,2933
3901,52
3901,3481
3902,1319
3903,1234
3903,2463
3904,420
3904,2080
3904,2715
3906,1284
3906,1484
3906,2017
3907,1033
3907,3605
3908,697
3908,2882
3909,1386
3909,1554
3909,2157
3910,1010
3910,2384
3910,3292
3912,2907
3914,2630
3915,1174
3919,931
3919,1254
3919,1779
3919,3139
3921,2502
3921,3360
3921,3502
3922,551
3922,2546
3922,3695
3923,3094
3926,606
3930,1035
3931,561
3931,2541
3931,3426
3932,3026
3932,3134
3932,3854
3933,2332
3933,2549
3933,3379
3933,3748
3934,1747
3934,2748
3934,3288
3935,1417
3935,2396
3938,285
3938,510
3938,1988
3939,1408
3939,3691
3939,3793
3940,1271
3940,1515
3940,2226
3941,294
3941,878
3941,1931
3941,3129
3942,552
3942,665
3943,1913
3943,2903
3944,782
3944,1076
3945,190
3945,932
3946,1459
3948,2581
3950,79
3950,3253
3952,1142
3952,3036
3953,2980
3953,3046
3953,3377
3954,782
3954,890
3954,1076
3956,769
3956,1235
3956,1633
3957,1463
3957,1531
3957,2885
3957,3564
3958,1625
3958,1953
3958,3096
3958,3488
3959,58
3959,1719
3959,3568
3960,972
3962,436
3962,735
3962,2307
3964,130
3964,195
3964,2345
3969,795
3969,3719
3970,2299
3970,3613
3972,1518
3972,1702
3972,3790
3974,1732
3975,1099
3975,2336
3976,968
3976,1504
3977,2949
3977,3612
3977,3678
3978,1403
3978,1593
3979,1439
3979,3374
3980,3826
3981,689
3981,3054
3981,3475
3982,527
3982,1274
3982,2896
3982,3604
3983,66
3983,1382
3983,1934
3983,2786
3983,3131
3985,2638
3985,3461
3985,3694
3986,343
3986,683
3986,1720
3986,2905
3987,1312
3987,3112
3990,1494
3990,2937
3991,1980
3991,2134
3991,2355
3991,2485
3991,2927
3992,1258
3996,499
3997,2243
3997,2554
3998,3083
3999,508
3999,1451
4000,854
4000,979
4000,1267
4000,3567
4003,1630
4003,3196
4004,127
4004,961
4004,1950
4004,2187
4005,1371
4005,2234
4006,653
4006,1844
4006,3408
4007,635
4007,1199
4007,1949
4007,2390
4007,3730
4008,135
4010,821
4010,1225
4010,2291
4011,22
4013,1351
4013,1428
4014,1455
4017,199
4017,1547
4017,2597
4018,1518
4018,1702
4018,3790
4018,3972
4020,3358
4022,1819
4022,2338
4023,602
4023,1895
4023,3832
4024,1296
4024,2201
4026,321
4027,1507
4027,1979
4027,2305
4027,2761
4027,3298
4028,16
4028,1007
4029,2229
4029,2456
4030,809
4030,2795
4030,2998
4033,697
4033,2882
4033,3908
4034,1142
4034,3036
4034,3952
4036,47
4036,1048
4036,3350
4036,3670
4037,2729
4038,1162
4038,1461
4038,1761
4039,194
4039,2114
4039,2522
4039,3869
4041,2260
4042,3123
4042,3693
4042,3745
4043,661
4044,356
4044,1648
4044,1746
4046,1045
4046,2419
4047,3284
4051,40
4053,487
4053,912
4053,1092
4053,3258
4053,3811
4055,1033
4055,3605
4055,3907
4056,900
4057,124
4057,2830
4059,975
4059,2002
4060,2625
4060,3013
4061,1036
4061,3848
4062,2960
4062,3268
4062,3326
4062,3812
4063,1087
4063,1134
4065,1721
4065,1859
4065,2815
4065,3113
4065,3887
4066,289
4066,751
4066,2200
4066,3740
4070,752
4070,3555
4072,3659
4073,1520
4073,2195
4074,721
4075,3890
4076,3749
4077,189
4077,1191
4077,1215
4077,2239
4078,189
4078,1191
4078,1215
4078,2239
4078,4077
4079,608
4079,1327
4080,2980
4080,3046
4080,3377
4080,3953
4081,372
4081,1440
4081,2754
4082,2678
4082,3010
4083,60
4083,3452
4083,3666
4084,468
4084,848
4084,3221
4084,3392
4086,69
4087,1682
4087,3160
4087,3810
4088,811
4088,857
4088,1597
4088,2231
4090,955
4090,2688
4090,2819
4091,355
4091,677
4091,2901
4091,3768
4092,3331
4094,1906
4094,2642
4094,3456
4094,3582
4095,1300
4096,2275
4096,2417
4096,3043
4096,3451
4097,392
4097,864
4097,2881
4098,2060
4098,3443
4101,1023
4101,2701
4102,597
4102,690
4102,1840
4105,314
4105,914
4105,946
4106,61
4106,1860
4106,2734
4107,93
4108,1077
4108,1350
4108,1759
4108,3494
4110,265
4110,1148
4111,728
4111,3696
4112,424
4113,1378
4114,649
4114,1551
4116,3621
4117,1477
4117,3652
4118,598
4119,3955
4121,1946
4123,1202
4123,2449
4124,1036
4124,3848
4124,4061
4125,1465
4125,2142
4125,3444
4126,258
4126,850
4126,1370
4127,951
4127,2298
4127,2824
4127,3216
4128,3407
4131,1713
4132,2840
4133,2041
4133,2108
4133,2244
4133,3611
4135,947
4139,170
4139,2155
4140,3761
4141,1034
4141,3007
4142,407
4142,630
4142,1854
4142,3620
4143,1724
4143,3388
4145,607
4145,3308
4145,3415
4145,3788
4146,1176
4146,1858
4147,4136
4148,311
4148,1546
4149,1207
4149,1890
4149,2077
4150,4054
4152,1006
4152,2760
4152,3543
4155,1673
4155,2904
4155,3102
4155,3148
4158,3086
4158,3150
4158,3896
4159,2581
4159,3948
4160,1162
4160,1461
4160,1761
4160,4038
4161,766
4161,2370
4162,1279
4163,1660
4165,1834
4165,2289
4165,2297
4165,2706
4165,3020
4166,47
4166,1048
4166,3350
4166,3670
4166,4036
4167,1626
4167,1711
4167,2700
4168,526
4168,684
4168,842
4168,2939
4169,245
4169,625
4169,1117
4169,2341
4169,2671
4170,552
4170,665
4170,3942
4171,222
4171,1103
4173,249
4173,1366
4173,3371
4175,938
4175,1557
4175,3630
4179,130
4179,195
4179,2345
4179,3964
4183,7
4183,1009
4184,1956
4184,2038
4184,3713
4185,1439
4185,3374
4185,3979
4187,424
4187,4112
4188,1197
4190,1611
4190,1962
4190,2173
4190,3251
4191,3405
4191,3512
4192,329
4192,1452
4192,2188
4193,1429
4193,3809
4194,2252
4195,2845
4196,482
4196,584
4196,1000
4196,1751
4196,3198
4197,450
4197,1309
4197,3153
4197,3779
4199,380
4199,2785
4199,4153
4200,3185
4201,187
4201,691
4201,2030
4201,2891
4202,365
4202,1044
4202,3025
4203,1553
4203,1918
4203,2802
4204,2502
4204,3360
4204,3502
4204,3921
4205,1244
4205,3493
4206,260
4206,1211
4206,1833
4206,3591
4207,1169
4207,2889
4208,615
4209,147
4210,2413
4210,3557
4210,3743
4213,3937
4214,1772
4215,1587
4217,1906
4217,2642
4217,3456
4217,3582
4217,4094
4218,3446
4220,1618
4220,2294
4221,1769
4221,2359
4222,37
4222,1569
4222,2970
4222,3281
4223,44
4223,2032
4223,2631
4223,2978
4223,3312
4224,3697
4225,4100
4226,423
4226,1205
4226,1591
4226,3330
4227,790
4227,1614
4227,2979
4227,3450
4228,970
4229,591
4229,631
4229,2971
4229,3301
4230,1152
4230,1273
4230,3047
4231,1477
4231,3652
4231,4117
4232,745
4232,1381
4232,3839
4234,862
4234,2841
4234,3701
4235,84
4235,832
4235,2193
4235,3729
4238,181
4238,247
4238,2393
4240,240
4240,2270
4240,2582
4242,596
4242,3384
4243,798
4243,2411
4243,2666
4244,1283
4245,2638
4245,3461
4245,3694
4245,3985
4247,2262
4249,396
4249,2562
4252,2007
4253,1033
4253,3605
4253,3907
4253,4055
4254,1491
4254,2165
4254,3819
4255,444
4256,3262
4257,228
4257,1410
4257,3464
4258,401
4259,4050
4260,2158
4260,2186
4260,3080
4260,3473
4262,1525
4262,2585
4263,1772
4263,4214
4265,299
4265,915
4265,1383
4265,3207
4267,515
4268,783
4268,1781
4269,2260
4269,4041
4270,3345
4271,152
4271,1177
4271,1964
4271,2073
4274,87
4274,2024
4274,3246
4275,1437
4279,365
4279,1044
4279,3025
4279,4202
4280,1323
4280,2354
4281,1102
4281,3556
4282,3039
4283,131
4283,964
4283,1385
4283,2843
4283,3792
4284,1393
4284,2340
4285,476
4285,3588
4288,2207
4289,2948
4289,3243
4292,453
4292,1684
4293,1258
4293,3992
4294,2586
4296,543
4296,1651
4297,1744
4298,2000
4298,2552
4300,140
4301,2125
4301,3059
4301,3373
4302,3503
4302,3562
4305,940
4305,1798
4305,3865
4306,4050
4306,4259
4307,542
4307,1049
4307,2373
4309,1123
4309,3391
4312,2172
4312,2569
4313,2238
4313,2468
4313,3028
4314,149
4315,3310
4316,4303
4317,7
4317,1009
4317,4183
4318,2454
4318,3115
4318,3837
4319,224
4319,572
4319,3341
4320,3420
4321,1081
4322,837
4322,3667
4323,862
4323,2841
4323,3701
4323,4234
4324,2907
4324,3912
4325,3189
4326,3073
4328,3284
4328,4047
4329,1488
4329,2708
4329,3643
4330,566
4330,1914
4330,2150
4330,2366
4330,3764
4331,124
4331,2830
4331,4057
4332,688
4332,1915
4333,30
4333,31
4333,3872
4336,3073
4336,4326
4338,562
4338,1472
4338,1945
4340,2724
4341,718
4341,1029
4343,658
4343,976
4343,2288
4343,2314
4346,930
4346,2010
4346,2579
4346,2835
4346,3465
4347,1643
4348,2016
4350,3955
4350,4119
4352,39
4353,1523
4355,1247
4355,1773
4355,2489
4355,2742
4356,1123
4356,3391
4357,4345
4363,801
4363,867
4363,2407
4365,3029
4366,50
4366,1786
4366,1923
4366,2280
4366,3609
4369,1416
4369,3822
4369,3833
4370,544
4370,1318
4371,3401
4372,1605
4372,3540
4374,967
4375,1713
4375,4131
4376,1066
4376,1965
4376,3498
4378,4358
4379,1468
4379,1529
4382,1340
4382,1921
4382,2558
4383,1828
4384,1763
4384,2429
4386,1295
4386,2607
4387,2678
4387,3010
4387,4082
4388,1572
4388,2844
4389,3358
4389,4020
4390,4031
4391,1603
4391,1951
4393,3955
4393,4119
4393,4350
4394,2855
4394,3093
4394,3338
4397,3916
4398,576
4398,1782
4400,769
4400,1235
4400,1633
4400,3956
4401,280
4401,2042
4404,2410
4404,2612
4404,3128
4405,346
4405,1155
4406,2454
4406,3115
4406,3837
4406,4318
4407,1697
4410,4109
4411,612
4411,3428
4413,2724
4413,4340
4414,2479
4414,3101
4416,81
4416,558
4418,2311
4419,938
4419,1557
4419,3630
4419,4175
4420,98
4420,3852
4421,2128
4421,3067
4424,2229
4424,2456
4424,4029
4425,562
4425,1472
4425,1945
4425,4338
4426,2007
4426,4252
4427,182
4427,960
4427,2138
4427,2471
4430,854
4430,979
4430,1267
4430,3567
4430,4000
4431,282
4431,1810
4433,83
4435,75
4435,142
4435,3796
4437,2432
4437,2865
4437,3193
4439,337
4439,840
4440,208
4441,1042
4441,1311
4441,1959
4442,79
4442,3253
4442,3950
4444,321
4444,4026
4446,1379
4446,1394
4446,1897
4448,962
4448,2427
4449,1146
4449,1194
4449,3574
4453,550
4453,2046
4453,2403
4454,524
4454,2197
4454,3497
4455,1528
4455,1872
4456,732
4456,2767
4458,1580
4458,2258
4458,2482
4458,3402
4459,602
4459,1895
4459,3832
4459,4023
4460,782
4460,890
4460,1076
4460,3944
4460,3954
4461,1435
4461,2023
4461,3897
4462,278
4463,411
4463,2950
4463,3706
4464,666
4464,953
4464,1395
4464,2514
4465,1453
4466,2290
4467,2588
4470,1231
4470,2318
4471,1459
4471,3946
4472,1630
4472,3196
4472,4003
4473,1863
4473,2050
4473,2086
4473,2757
4474,2365
4480,2290
4480,4466
4481,3083
4481,3998
4482,1307
4482,2529
4484,1176
4484,1858
4484,4146
4486,1203
4486,1343
4486,3015
4486,3754
4489,1747
4489,2748
4489,3288
4489,3934
4490,1403
4490,1593
4490,3978
4492,501
4492,786
4493,3300
4493,3425
4494,1281
4494,1870
4495,1059
4495,1752
4495,3752
4496,1558
4496,2775
4497,563
4497,990
4499,562
4499,1472
4499,1945
4499,4338
4499,4425
4500,2707
4501,3841
4502,1586
4502,3618
4502,3721
4502,3770
4503,1437
4503,4275
4504,1938
4506,81
4506,558
4506,4416
4507,732
4507,2767
4507,4456
4509,649
4509,1551
4509,4114
4510,871
4510,2991
4511,2581
4511,3948
4511,4159
4512,7
4512,1009
4512,4183
4512,4317
4513,1406
4514,2072
4515,2203
4515,2296
4515,2344
4516,2139
4516,3266
4517,800
4517,1230
4517,1795
4517,2876
4518,412
4518,1302
4518,2412
4519,4093
4520,2164
4521,212
4521,1083
4522,2614
4523,266
4523,3875
4524,2141
4525,1262
4525,2453
4525,2496
4525,3705
4526,445
4526,660
4526,707
4527,3217
4527,3448
4528,348
4528,2011
4529,1500
4530,551
4530,2546
4530,3695
4530,3922
4531,1494
4531,2937
4531,3990
4532,4335
4534,2973
4535,116
4537,1672
4537,2353
4537,3500
4538,674
4538,2166
4538,2263
4538,3242
4540,567
4540,3368
4542,2273
4542,2836
4543,2457
4544,766
4544,2987
4544,2989
4544,3646
4545,1291
4546,2027
4546,2712
4546,3549
4547,2925
4548,509
4548,2850
4549,1561
4549,3034
4553,688
4553,1915
4553,4332
4555,549
4555,2387
4556,1142
4556,3036
4556,3952
4556,4034
4557,4035
4558,2000
4558,2552
4558,4298
4560,339
4560,1369
4560,2911
4561,1455
4561,4014
4562,18
4562,1419
4562,1462
4562,2661
4563,1735
4563,1784
4563,3881
4564,2285
4565,1243
4566,1748
4566,1984
4566,3723
4567,927
4567,3715
4568,1758
4568,2684
4568,3005
4569,2605
4569,3778
4571,356
4571,1648
4571,1746
4571,4044
4572,370
4573,1769
4573,2359
4573,4221
4575,1947
4575,2254
4576,508
4576,1451
4576,3999
4577,951
4577,2298
4577,2824
4577,3216
4577,4127
4578,414
4578,720
4578,2074
4579,2683
4580,602
4580,1895
4580,3832
4580,4023
4580,4459
4581,2763
4581,3372
4582,695
4582,1820
4582,1942
4582,2478
4583,1609
4583,2212
4583,2604
4586,2413
4586,3557
4586,3743
4586,4210
4587,2716
4588,186
4589,1643
4589,4347
4590,2257
4591,1131
4591,1933
4591,3519
4593,2525
4594,1356
4594,2272
4594,2636
4595,715
4595,1198
4595,2168
4595,3181
4596,790
4596,1614
4596,2979
4596,3450
4596,4227
4597,378
4597,2997
4597,3699
4598,1232
4600,975
4600,2002
4600,4059
4601,1111
4601,1642
4601,3878
4601,3884
4602,2614
4602,4522
4604,1809
4607,1617
4607,3041
4608,640
4610,440
4610,1116
4610,2765
4611,2118
4611,3484
4612,2409
4613,2238
4613,2468
4613,3028
4613,4313
4615,1605
4615,3523
4615,3540
4615,4372
4617,837
4617,3667
4617,4322
4618,253
4618,1214
4618,2386
4618,3726
4620,386
4620,434
4621,24
4621,107
4621,1399
4622,2459
4623,712
4623,1958
4625,3309
4626,910
4626,2328
4626,2445
4627,3803
4628,837
4628,3667
4628,4322
4628,4617
4629,736
4629,2494
4629,3808
4630,2437
4631,190
4631,932
4631,3945
4632,1525
4632,2585
4632,4262
4633,944
4634,2095
4634,2705
4636,865
4636,883
4636,943
4636,3009
4637,718
4637,1029
4637,4341
4638,693
4639,606
4639,3926
4640,3716
4641,2277
4641,2977
4641,3175
4641,3378
4642,508
4642,1451
4642,3999
4642,4576
4643,606
4643,3926
4643,4639
4644,3514
4645,3533
4645,3688
4647,3506
4648,938
4648,1557
4648,3630
4648,4175
4648,4419
4649,126
4649,1473
4649,3027
4651,3681
4652,1948
4653,1618
4653,2294
4653,4220
4654,62
4654,1829
4655,58
4655,1719
4655,3568
4655,3959
4657,58
4657,1719
4657,3568
4657,3959
4657,4655
4658,72
4658,1776
4661,2613
4662,1429
4662,3809
4662,4193
4663,249
4663,1366
4663,3371
4663,4173
4665,515
4665,4267
4666,543
4666,1651
4666,4296
4668,539
4668,935
4668,3602
4669,1168
4669,3097
4671,1070
4671,1628
4671,2467
4671,2703
4671,3051
4674,126
4674,1473
4674,3027
4674,4649
4675,3845
4676,1356
4676,2272
4676,2636
4676,4594
4677,2309
4677,2697
4678,968
4678,1504
4678,3976
4679,1649
4680,4122
4684,1010
4684,2384
4684,3292
4684,3910
4685,2639
4685,3089
4685,3414
4686,60
4686,3452
4686,3666
4686,4083
4687,1902
4687,1909
4687,2825
4687,3542
4688,240
4688,2270
4688,2582
4688,4240
4689,3125
4691,831
4691,1639
4691,3365
4692,543
4692,1651
4692,4296
4692,4666
4693,1920
4693,2078
4693,2300
4693,3237
4695,99
4695,1051
4695,3468
4697,265
4697,1148
4697,4110
4698,1258
4698,3992
4698,4293
4699,366
4699,1771
4700,1290
4701,3124
4701,3133
4702,2806
4704,1435
4704,2023
4704,3897
4704,4461
4705,2391
4705,3333
4706,595
4706,1981
4708,1938
4708,4504
4710,3937
4710,4213
4711,173
4711,2888
4713,382
4713,408
4713,1502
4714,191
4715,396
4715,2562
4715,4249
4716,872
4716,1137
4716,2932
4716,3184
4717,1037
4717,2685
4717,3239
4717,3771
4718,729
4718,1088
4718,1173
4718,1634
4720,1101
4721,3056
4722,599
4722,3361
4722,3515
4723,456
4723,588
4723,3645
4724,2215
4724,2420
4724,2737
4724,2755
4724,3559
4726,1930
4727,1324
4730,2284
4730,3399
4730,3580
4731,168
4731,1239
4731,2301
4733,331
4733,1986
4733,3835
4734,907
4734,1652
4735,71
4735,1090
4735,2196
4737,1308
4737,2820
4737,3390
4738,3122
4738,3595
4739,1066
4739,1965
4739,3498
4739,4376
4740,2141
4740,4524
4742,3664
4743,1379
4743,1394
4743,1897
4743,4446
4744,1303
4744,2106
4744,2667
4746,1203
4746,1343
4746,3015
4746,3754
4746,4486
4749,217
4749,391
4750,2164
4750,4520
4751,3147
4752,3083
4752,3998
4752,4481
4753,3011
4753,3082
4754,1625
4754,1953
4754,3096
4754,3488
4754,3958
4755,2663
4755,3369
4755,3516
4755,3767
4756,2782
4758,351
4758,1449
4759,3846
4760,679
4760,754
4761,431
4762,2787
4762,3307
4764,450
4764,1309
4764,3153
4764,3779
4764,4197
4766,524
4766,2197
4766,3497
4766,4454
4769,3083
4769,3998
4769,4481
4769,4752
4771,1087
4771,1134
4771,4063
4772,462
4772,1038
4773,659
4773,802
4773,1653
4774,1425
4775,1819
4775,2338
4775,4022
4776,4732
4778,2243
4778,2554
4778,3997
4779,4536
4781,2179
4785,258
4785,850
4785,1370
4785,4126
4787,136
4787,463
4787,949
4787,1585
4789,2707
4789,4500
4790,432
4790,586
4790,626
4790,2136
4791,3690
4794,104
4794,438
4794,1975
4794,3070
4796,582
4796,1548
4796,2790
4796,3395
4796,3510
4797,182
4797,960
4797,2138
4797,2471
4797,4427
4798,1338
4798,2702
4798,2913
4799,4412
4802,190
4802,932
4802,3945
4802,4631
4803,1673
4803,2904
4803,3102
4803,3148
4803,4155
4804,2130
4804,2323
4805,1877
4806,697
4806,2882
4806,3908
4806,4033
4807,1275
4808,923
4808,1444
4810,1741
4810,1775
4810,1924
4812,549
4812,2387
4812,4555
4814,3937
4814,4213
4814,4710
4815,1313
4815,2972
4815,3529
4815,3867
4816,1159
4816,1325
4816,2204
4816,3627
4817,411
4817,3706
4817,4463
4818,1174
4819,3086
4819,3150
4819,3896
4819,4158
4820,278
4820,4462
4821,3523
4821,4615
4823,227
4826,940
4826,1798
4826,3865
4826,4305
4828,4069
4829,967
4829,4374
4830,442
4830,517
4830,2794
4830,3355
4831,139
4831,1224
4831,2513
4831,2938
4833,1201
4834,2828
4834,2921
4835,658
4835,976
4835,2288
4835,2314
4835,4343
4837,855
4838,3
4838,1599
4840,2448
4842,1204
4843,3573
4844,2495
4844,3057
4845,277
4845,1997
4845,2358
4846,1611
4846,1962
4846,2173
4846,3251
4847,1365
4847,1624
4847,2421
4849,1397
4849,1755
4851,3573
4851,4843
4853,87
4853,2024
4853,3246
4853,4274
4854,993
4854,2435
4855,944
4855,4633
4859,2015
4860,1296
4860,2201
4860,4024
4861,2424
4864,84
4864,832
4864,2193
4864,3729
4864,4235
4867,337
4867,840
4867,4439
4869,1568
4869,3118
4869,3753
4870,702
4870,1241
4870,1817
4870,2958
4870,3285
4872,407
4872,630
4872,1854
4872,3620
4872,4142
4874,99
4874,1051
4874,3468
4874,4695
4875,1902
4875,1909
4875,2825
4875,3542
4875,4687
4876,1619
4876,1880
4876,2306
4877,2229
4877,2456
4877,4029
4877,4424
4878,1842
4879,3255
4880,664
4880,1637
4880,2803
4881,436
4881,735
4881,2307
4881,3962
4889,2008
4889,2955
4889,3187
4889,3785
4890,383
4890,785
4891,313
4891,740
4891,1600
4893,556
4894,1441
4895,567
4895,3368
4895,4540
4897,2654
4898,2398
4899,1201
4899,4833
4900,647
4900,2028
4901,1373
4902,1758
4902,2684
4902,3005
4902,4568
4903,3094
4903,3923
4904,290
4904,2383
4904,2590
4907,1455
4907,4014
4907,4561
4908,1638
4909,1836
4909,3871
4910,653
4910,1844
4910,3408
4910,4006
4911,502
4912,2007
4912,4252
4912,4426
4913,4592
4915,2316
4915,2376
4915,3489
4916,14
4916,3068
4919,158
4923,126
4923,1473
4923,3027
4923,4649
4923,4674
4925,2973
4925,4534
4926,762
4926,3477
4930,531
4931,2649
4932,4035
4932,4557
4933,1626
4933,1711
4933,2700
4933,4167
4934,3803
4934,4627
4935,783
4935,1781
4935,4268
4936,795
4936,3719
4936,3969
4937,432
4937,586
4937,626
4937,2136
4937,4790
4938,806
4938,2763
4938,3372
4938,4581
4939,397
4939,1803
4939,2682
4940,1956
4940,2038
4940,3713
4940,4184
4942,1500
4942,4529
4945,410
4945,448
4945,1376
4945,2019
4946,3873
4947,689
4947,3054
4947,3981
4948,708
4948,1662
4948,3348
4951,1718
4951,2633
4953,67
4953,535
4953,1674
4953,2223
4953,2512
4955,423
4955,1205
4955,1591
4955,3330
4955,4226
4956,120
4956,568
4956,739
4957,3692
4958,2266
4959,475
4959,920
4959,1604
4960,1218
4960,1346
4961,295
4962,1480
4962,1543
4962,1574
4963,4432
4964,302
4964,1286
4964,1514
4964,2337
4964,3439
4965,4825
4966,1500
4966,4529
4966,4942
4967,1310
4968,3462
4970,2902
4970,3088
4970,3305
4970,3844
4971,3600
4972,1161
4972,1636
4972,2499
4972,3680
4972,3742
4973,980
4974,3514
4974,4644
4975,1526
4975,1850
4975,3087
4975,3385
4977,1596
4978,2141
4978,4524
4978,4740
4979,851
4981,664
4981,1637
4981,2803
4981,4880
4982,2502
4982,3360
4982,3502
4982,3921
4982,4204
4983,4918
4984,1312
4984,3112
4984,3987
4987,2828
4987,2921
4987,4834
4989,1596
4989,4977
4990,3625
4992,329
4992,1452
4992,2188
4992,4192
4993,1098
4993,3071
4995,2160
4995,2425
4996,79
4996,3253
4996,3950
4996,4442
4997,1307
4997,2529
4997,4482
4998,587
4998,1764
4998,2264
4998,2312
4999,1146
4999,1194
4999,3574
4999,4449
